<?xml version="1.0" encoding="UTF-8"?>
<Task Name="除魔师的试炼 壹">
	<Info TaskID = "500001" TypeID="0" >
        <Property Name="Level" Value="0" />
        <Property Name="Gold" Value="0" />
        <Property Name="Diamond" Value="0" />
        <Property Name="VIP" Value="0" />
	</Info>
	<Reward>
        <Property Name="Gold" Value="0" />
        <Property Name="Diamond" Value="0" />
        <Property Name="EXP" Value="0" />
	</Reward>
	<Step ID="0"  Type = "1"  NextDescribe="前往【除魔师总部】，寻找【卡莉】" DialuogeID="2"  NPCID="101001"  SceneID="2"  State="1">
	</Step>
	<Step ID="1"  Type = "1"  NextDescribe="前往【大名气装备店】，寻找【高登】" DialuogeID="5"  NPCID="101002"  SceneID="1"  State="2">
	</Step>
	<Dialouge ID="2">
        <NPCSay txt = "欢迎来到【除魔师总部】，有什么可以为您效劳？"/>
        <PlayerSay txt = "我想加入你们" NextID = "3"/>
	</Dialouge>
	<Dialouge ID="3">
        <NPCSay txt = "哦！？非常欢迎~不过想成为一名除魔师需要通过严格的资格考验哦！你确认要参加么？"/>
        <PlayerSay txt = "（坚定的表达了决心！）" NextID = "4"/>
	</Dialouge>
	<Dialouge ID="4">
        <NPCSay txt = "很不错的眼神嘛~！我看好你哦~
        请先去【大名气装备店】，找【高登】领取<初学者装备箱>。
        准备好再回我这里接受测试任务~"/>
        <PlayerSay txt = "大名气。。。。我这就去。" NextID = "1001"/>
	</Dialouge>
	<Dialouge ID="5">
        <NPCSay txt = "欢迎光临！欢迎光临！
        欢迎来到城里最好的【大名气装备店】！
        请问这位贵客想要些什么呢！
        我这里的物品，价廉质优~童叟无欺~。"/>
        <PlayerSay txt = "。。。【卡莉】要我来取装备的" NextID = "6"/>
	</Dialouge>
	<Dialouge ID="6">
        <NPCSay txt = "哦！你就是【卡莉】说的那个新人啊！
        这是你需要的<初学者装备箱>。
        里面有我打造的初学者装备，虽然看上去简陋，但能最大程度防护魔物产生的有毒瘴气。
        我的手艺可是不错的哟~哈哈哈哈！
        记得下次一定要再光顾本店哦~亲！
        "/>
        <PlayerSay txt = "接受奖励" NextID = "1001"/>
	</Dialouge>
</Task>
