<?xml version="1.0" standalone="yes"?>
<RECORDS>
<RECORD>
<sd>1</sd>
<STATE_NAME>RBS_FLYSTILL_STATE</STATE_NAME>
<RBSE_ENTER_STANDBY_EVENT>RBS_STATE_CNT</RBSE_ENTER_STANDBY_EVENT>
<RBSE_FRONT_FLY_EVENT>RBS_FRONTFLY_STATE</RBSE_FRONT_FLY_EVENT>
<RBSE_BACK_FLY_EVENT>RBS_STATE_CNT</RBSE_BACK_FLY_EVENT>
<RBSE_SKILL_A_EVENT>RBS_STATE_CNT</RBSE_SKILL_A_EVENT>
<RBSE_SKILL_B_EVENT>RBS_STATE_CNT</RBSE_SKILL_B_EVENT>
<RBSE_SKILL_C_EVENT>RBS_STATE_CNT</RBSE_SKILL_C_EVENT>
<RBSE_MOVE_END_EVENT>RBS_STATE_CNT</RBSE_MOVE_END_EVENT>
<RBSE_SKILLA_END_EVENT>RBS_STATE_CNT</RBSE_SKILLA_END_EVENT>
<RBSE_SKILLB_END_EVENT>RBS_STATE_CNT</RBSE_SKILLB_END_EVENT>
<RBSE_SKILLC_END_EVENT>RBS_STATE_CNT</RBSE_SKILLC_END_EVENT>
<RBSE_NO_LIFE_EVENT>RBS_STATE_CNT</RBSE_NO_LIFE_EVENT>
<RBSE_TO_BFLY_END_EVENT>RBS_STATE_CNT</RBSE_TO_BFLY_END_EVENT>
<RBSE_TO_FFLY_END_EVENT>RBS_STATE_CNT</RBSE_TO_FFLY_END_EVENT>
<RBSE_FFLY_TO_BFLY_EVENT>RBS_STATE_CNT</RBSE_FFLY_TO_BFLY_EVENT>
<RBSE_BFLY_TO_FFLY_EVENT>RBS_STATE_CNT</RBSE_BFLY_TO_FFLY_EVENT>
</RECORD>
<RECORD>
<sd>2</sd>
<STATE_NAME>RBS_FRONTFLY_STATE</STATE_NAME>
<RBSE_ENTER_STANDBY_EVENT>RBS_FLYSTILL_STATE</RBSE_ENTER_STANDBY_EVENT>
<RBSE_FRONT_FLY_EVENT>RBS_STATE_CNT</RBSE_FRONT_FLY_EVENT>
<RBSE_BACK_FLY_EVENT>RBS_FFLY_TO_STATE</RBSE_BACK_FLY_EVENT>
<RBSE_SKILL_A_EVENT>RBS_SKILLA_STATE</RBSE_SKILL_A_EVENT>
<RBSE_SKILL_B_EVENT>RBS_SKILLB_STATE</RBSE_SKILL_B_EVENT>
<RBSE_SKILL_C_EVENT>RBS_SKILLC_STATE</RBSE_SKILL_C_EVENT>
<RBSE_MOVE_END_EVENT>RBS_STATE_CNT</RBSE_MOVE_END_EVENT>
<RBSE_SKILLA_END_EVENT>RBS_STATE_CNT</RBSE_SKILLA_END_EVENT>
<RBSE_SKILLB_END_EVENT>RBS_STATE_CNT</RBSE_SKILLB_END_EVENT>
<RBSE_SKILLC_END_EVENT>RBS_STATE_CNT</RBSE_SKILLC_END_EVENT>
<RBSE_NO_LIFE_EVENT>RBS_DIE_STATE</RBSE_NO_LIFE_EVENT>
<RBSE_TO_BFLY_END_EVENT>RBS_STATE_CNT</RBSE_TO_BFLY_END_EVENT>
<RBSE_TO_FFLY_END_EVENT>RBS_STATE_CNT</RBSE_TO_FFLY_END_EVENT>
<RBSE_FFLY_TO_BFLY_EVENT>RBS_STATE_CNT</RBSE_FFLY_TO_BFLY_EVENT>
<RBSE_BFLY_TO_FFLY_EVENT>RBS_STATE_CNT</RBSE_BFLY_TO_FFLY_EVENT>
</RECORD>
<RECORD>
<sd>3</sd>
<STATE_NAME>RBS_BACKFLY_STATE</STATE_NAME>
<RBSE_ENTER_STANDBY_EVENT>RBS_FLYSTILL_STATE</RBSE_ENTER_STANDBY_EVENT>
<RBSE_FRONT_FLY_EVENT>RBS_BFLY_TO_STATE</RBSE_FRONT_FLY_EVENT>
<RBSE_BACK_FLY_EVENT>RBS_STATE_CNT</RBSE_BACK_FLY_EVENT>
<RBSE_SKILL_A_EVENT>RBS_SKILLA_STATE</RBSE_SKILL_A_EVENT>
<RBSE_SKILL_B_EVENT>RBS_SKILLB_STATE</RBSE_SKILL_B_EVENT>
<RBSE_SKILL_C_EVENT>RBS_SKILLC_STATE</RBSE_SKILL_C_EVENT>
<RBSE_MOVE_END_EVENT>RBS_BFLY_TO_STATE</RBSE_MOVE_END_EVENT>
<RBSE_SKILLA_END_EVENT>RBS_STATE_CNT</RBSE_SKILLA_END_EVENT>
<RBSE_SKILLB_END_EVENT>RBS_STATE_CNT</RBSE_SKILLB_END_EVENT>
<RBSE_SKILLC_END_EVENT>RBS_STATE_CNT</RBSE_SKILLC_END_EVENT>
<RBSE_NO_LIFE_EVENT>RBS_DIE_STATE</RBSE_NO_LIFE_EVENT>
<RBSE_TO_BFLY_END_EVENT>RBS_STATE_CNT</RBSE_TO_BFLY_END_EVENT>
<RBSE_TO_FFLY_END_EVENT>RBS_STATE_CNT</RBSE_TO_FFLY_END_EVENT>
<RBSE_FFLY_TO_BFLY_EVENT>RBS_STATE_CNT</RBSE_FFLY_TO_BFLY_EVENT>
<RBSE_BFLY_TO_FFLY_EVENT>RBS_STATE_CNT</RBSE_BFLY_TO_FFLY_EVENT>
</RECORD>
<RECORD>
<sd>4</sd>
<STATE_NAME>RBS_SKILLA_STATE</STATE_NAME>
<RBSE_ENTER_STANDBY_EVENT>RBS_FLYSTILL_STATE</RBSE_ENTER_STANDBY_EVENT>
<RBSE_FRONT_FLY_EVENT>RBS_STATE_CNT</RBSE_FRONT_FLY_EVENT>
<RBSE_BACK_FLY_EVENT>RBS_STATE_CNT</RBSE_BACK_FLY_EVENT>
<RBSE_SKILL_A_EVENT>RBS_STATE_CNT</RBSE_SKILL_A_EVENT>
<RBSE_SKILL_B_EVENT>RBS_STATE_CNT</RBSE_SKILL_B_EVENT>
<RBSE_SKILL_C_EVENT>RBS_STATE_CNT</RBSE_SKILL_C_EVENT>
<RBSE_MOVE_END_EVENT>RBS_STATE_CNT</RBSE_MOVE_END_EVENT>
<RBSE_SKILLA_END_EVENT>RBS_FRONTFLY_STATE</RBSE_SKILLA_END_EVENT>
<RBSE_SKILLB_END_EVENT>RBS_STATE_CNT</RBSE_SKILLB_END_EVENT>
<RBSE_SKILLC_END_EVENT>RBS_STATE_CNT</RBSE_SKILLC_END_EVENT>
<RBSE_NO_LIFE_EVENT>RBS_DIE_STATE</RBSE_NO_LIFE_EVENT>
<RBSE_TO_BFLY_END_EVENT>RBS_STATE_CNT</RBSE_TO_BFLY_END_EVENT>
<RBSE_TO_FFLY_END_EVENT>RBS_STATE_CNT</RBSE_TO_FFLY_END_EVENT>
<RBSE_FFLY_TO_BFLY_EVENT>RBS_STATE_CNT</RBSE_FFLY_TO_BFLY_EVENT>
<RBSE_BFLY_TO_FFLY_EVENT>RBS_STATE_CNT</RBSE_BFLY_TO_FFLY_EVENT>
</RECORD>
<RECORD>
<sd>5</sd>
<STATE_NAME>RBS_SKILLB_STATE</STATE_NAME>
<RBSE_ENTER_STANDBY_EVENT>RBS_FLYSTILL_STATE</RBSE_ENTER_STANDBY_EVENT>
<RBSE_FRONT_FLY_EVENT>RBS_STATE_CNT</RBSE_FRONT_FLY_EVENT>
<RBSE_BACK_FLY_EVENT>RBS_STATE_CNT</RBSE_BACK_FLY_EVENT>
<RBSE_SKILL_A_EVENT>RBS_STATE_CNT</RBSE_SKILL_A_EVENT>
<RBSE_SKILL_B_EVENT>RBS_STATE_CNT</RBSE_SKILL_B_EVENT>
<RBSE_SKILL_C_EVENT>RBS_STATE_CNT</RBSE_SKILL_C_EVENT>
<RBSE_MOVE_END_EVENT>RBS_STATE_CNT</RBSE_MOVE_END_EVENT>
<RBSE_SKILLA_END_EVENT>RBS_STATE_CNT</RBSE_SKILLA_END_EVENT>
<RBSE_SKILLB_END_EVENT>RBS_FRONTFLY_STATE</RBSE_SKILLB_END_EVENT>
<RBSE_SKILLC_END_EVENT>RBS_STATE_CNT</RBSE_SKILLC_END_EVENT>
<RBSE_NO_LIFE_EVENT>RBS_DIE_STATE</RBSE_NO_LIFE_EVENT>
<RBSE_TO_BFLY_END_EVENT>RBS_STATE_CNT</RBSE_TO_BFLY_END_EVENT>
<RBSE_TO_FFLY_END_EVENT>RBS_STATE_CNT</RBSE_TO_FFLY_END_EVENT>
<RBSE_FFLY_TO_BFLY_EVENT>RBS_STATE_CNT</RBSE_FFLY_TO_BFLY_EVENT>
<RBSE_BFLY_TO_FFLY_EVENT>RBS_STATE_CNT</RBSE_BFLY_TO_FFLY_EVENT>
</RECORD>
<RECORD>
<sd>6</sd>
<STATE_NAME>RBS_SKILLC_STATE</STATE_NAME>
<RBSE_ENTER_STANDBY_EVENT>RBS_FLYSTILL_STATE</RBSE_ENTER_STANDBY_EVENT>
<RBSE_FRONT_FLY_EVENT>RBS_STATE_CNT</RBSE_FRONT_FLY_EVENT>
<RBSE_BACK_FLY_EVENT>RBS_STATE_CNT</RBSE_BACK_FLY_EVENT>
<RBSE_SKILL_A_EVENT>RBS_STATE_CNT</RBSE_SKILL_A_EVENT>
<RBSE_SKILL_B_EVENT>RBS_STATE_CNT</RBSE_SKILL_B_EVENT>
<RBSE_SKILL_C_EVENT>RBS_STATE_CNT</RBSE_SKILL_C_EVENT>
<RBSE_MOVE_END_EVENT>RBS_STATE_CNT</RBSE_MOVE_END_EVENT>
<RBSE_SKILLA_END_EVENT>RBS_STATE_CNT</RBSE_SKILLA_END_EVENT>
<RBSE_SKILLB_END_EVENT>RBS_STATE_CNT</RBSE_SKILLB_END_EVENT>
<RBSE_SKILLC_END_EVENT>RBS_FRONTFLY_STATE</RBSE_SKILLC_END_EVENT>
<RBSE_NO_LIFE_EVENT>RBS_DIE_STATE</RBSE_NO_LIFE_EVENT>
<RBSE_TO_BFLY_END_EVENT>RBS_STATE_CNT</RBSE_TO_BFLY_END_EVENT>
<RBSE_TO_FFLY_END_EVENT>RBS_STATE_CNT</RBSE_TO_FFLY_END_EVENT>
<RBSE_FFLY_TO_BFLY_EVENT>RBS_STATE_CNT</RBSE_FFLY_TO_BFLY_EVENT>
<RBSE_BFLY_TO_FFLY_EVENT>RBS_STATE_CNT</RBSE_BFLY_TO_FFLY_EVENT>
</RECORD>
<RECORD>
<sd>7</sd>
<STATE_NAME>RBS_DIE_STATE</STATE_NAME>
<RBSE_ENTER_STANDBY_EVENT>RBS_STATE_CNT</RBSE_ENTER_STANDBY_EVENT>
<RBSE_FRONT_FLY_EVENT>RBS_STATE_CNT</RBSE_FRONT_FLY_EVENT>
<RBSE_BACK_FLY_EVENT>RBS_STATE_CNT</RBSE_BACK_FLY_EVENT>
<RBSE_SKILL_A_EVENT>RBS_STATE_CNT</RBSE_SKILL_A_EVENT>
<RBSE_SKILL_B_EVENT>RBS_STATE_CNT</RBSE_SKILL_B_EVENT>
<RBSE_SKILL_C_EVENT>RBS_STATE_CNT</RBSE_SKILL_C_EVENT>
<RBSE_MOVE_END_EVENT>RBS_STATE_CNT</RBSE_MOVE_END_EVENT>
<RBSE_SKILLA_END_EVENT>RBS_STATE_CNT</RBSE_SKILLA_END_EVENT>
<RBSE_SKILLB_END_EVENT>RBS_STATE_CNT</RBSE_SKILLB_END_EVENT>
<RBSE_SKILLC_END_EVENT>RBS_STATE_CNT</RBSE_SKILLC_END_EVENT>
<RBSE_NO_LIFE_EVENT>RBS_STATE_CNT</RBSE_NO_LIFE_EVENT>
<RBSE_TO_BFLY_END_EVENT>RBS_STATE_CNT</RBSE_TO_BFLY_END_EVENT>
<RBSE_TO_FFLY_END_EVENT>RBS_STATE_CNT</RBSE_TO_FFLY_END_EVENT>
<RBSE_FFLY_TO_BFLY_EVENT>RBS_STATE_CNT</RBSE_FFLY_TO_BFLY_EVENT>
<RBSE_BFLY_TO_FFLY_EVENT>RBS_STATE_CNT</RBSE_BFLY_TO_FFLY_EVENT>
</RECORD>
<RECORD>
<sd>8</sd>
<STATE_NAME>RBS_TO_FFLY_STATE</STATE_NAME>
<RBSE_ENTER_STANDBY_EVENT>RBS_FLYSTILL_STATE</RBSE_ENTER_STANDBY_EVENT>
<RBSE_FRONT_FLY_EVENT>RBS_STATE_CNT</RBSE_FRONT_FLY_EVENT>
<RBSE_BACK_FLY_EVENT>RBS_FFLY_TO_STATE</RBSE_BACK_FLY_EVENT>
<RBSE_SKILL_A_EVENT>RBS_SKILLA_STATE</RBSE_SKILL_A_EVENT>
<RBSE_SKILL_B_EVENT>RBS_SKILLB_STATE</RBSE_SKILL_B_EVENT>
<RBSE_SKILL_C_EVENT>RBS_SKILLC_STATE</RBSE_SKILL_C_EVENT>
<RBSE_MOVE_END_EVENT>RBS_STATE_CNT</RBSE_MOVE_END_EVENT>
<RBSE_SKILLA_END_EVENT>RBS_STATE_CNT</RBSE_SKILLA_END_EVENT>
<RBSE_SKILLB_END_EVENT>RBS_STATE_CNT</RBSE_SKILLB_END_EVENT>
<RBSE_SKILLC_END_EVENT>RBS_STATE_CNT</RBSE_SKILLC_END_EVENT>
<RBSE_NO_LIFE_EVENT>RBS_DIE_STATE</RBSE_NO_LIFE_EVENT>
<RBSE_TO_BFLY_END_EVENT>RBS_STATE_CNT</RBSE_TO_BFLY_END_EVENT>
<RBSE_TO_FFLY_END_EVENT>RBS_FRONTFLY_STATE</RBSE_TO_FFLY_END_EVENT>
<RBSE_FFLY_TO_BFLY_EVENT>RBS_STATE_CNT</RBSE_FFLY_TO_BFLY_EVENT>
<RBSE_BFLY_TO_FFLY_EVENT>RBS_STATE_CNT</RBSE_BFLY_TO_FFLY_EVENT>
</RECORD>
<RECORD>
<sd>9</sd>
<STATE_NAME>RBS_FFLY_TO_STATE</STATE_NAME>
<RBSE_ENTER_STANDBY_EVENT>RBS_FLYSTILL_STATE</RBSE_ENTER_STANDBY_EVENT>
<RBSE_FRONT_FLY_EVENT>RBS_TO_FFLY_STATE</RBSE_FRONT_FLY_EVENT>
<RBSE_BACK_FLY_EVENT>RBS_STATE_CNT</RBSE_BACK_FLY_EVENT>
<RBSE_SKILL_A_EVENT>RBS_SKILLA_STATE</RBSE_SKILL_A_EVENT>
<RBSE_SKILL_B_EVENT>RBS_SKILLB_STATE</RBSE_SKILL_B_EVENT>
<RBSE_SKILL_C_EVENT>RBS_SKILLC_STATE</RBSE_SKILL_C_EVENT>
<RBSE_MOVE_END_EVENT>RBS_TO_FFLY_STATE</RBSE_MOVE_END_EVENT>
<RBSE_SKILLA_END_EVENT>RBS_STATE_CNT</RBSE_SKILLA_END_EVENT>
<RBSE_SKILLB_END_EVENT>RBS_STATE_CNT</RBSE_SKILLB_END_EVENT>
<RBSE_SKILLC_END_EVENT>RBS_STATE_CNT</RBSE_SKILLC_END_EVENT>
<RBSE_NO_LIFE_EVENT>RBS_DIE_STATE</RBSE_NO_LIFE_EVENT>
<RBSE_TO_BFLY_END_EVENT>RBS_STATE_CNT</RBSE_TO_BFLY_END_EVENT>
<RBSE_TO_FFLY_END_EVENT>RBS_STATE_CNT</RBSE_TO_FFLY_END_EVENT>
<RBSE_FFLY_TO_BFLY_EVENT>RBS_BACKFLY_STATE</RBSE_FFLY_TO_BFLY_EVENT>
<RBSE_BFLY_TO_FFLY_EVENT>RBS_STATE_CNT</RBSE_BFLY_TO_FFLY_EVENT>
</RECORD>
<RECORD>
<sd>10</sd>
<STATE_NAME>RBS_TO_BFLY_STATE</STATE_NAME>
<RBSE_ENTER_STANDBY_EVENT>RBS_FLYSTILL_STATE</RBSE_ENTER_STANDBY_EVENT>
<RBSE_FRONT_FLY_EVENT>RBS_BFLY_TO_STATE</RBSE_FRONT_FLY_EVENT>
<RBSE_BACK_FLY_EVENT>RBS_STATE_CNT</RBSE_BACK_FLY_EVENT>
<RBSE_SKILL_A_EVENT>RBS_SKILLA_STATE</RBSE_SKILL_A_EVENT>
<RBSE_SKILL_B_EVENT>RBS_SKILLB_STATE</RBSE_SKILL_B_EVENT>
<RBSE_SKILL_C_EVENT>RBS_SKILLC_STATE</RBSE_SKILL_C_EVENT>
<RBSE_MOVE_END_EVENT>RBS_BFLY_TO_STATE</RBSE_MOVE_END_EVENT>
<RBSE_SKILLA_END_EVENT>RBS_STATE_CNT</RBSE_SKILLA_END_EVENT>
<RBSE_SKILLB_END_EVENT>RBS_STATE_CNT</RBSE_SKILLB_END_EVENT>
<RBSE_SKILLC_END_EVENT>RBS_STATE_CNT</RBSE_SKILLC_END_EVENT>
<RBSE_NO_LIFE_EVENT>RBS_DIE_STATE</RBSE_NO_LIFE_EVENT>
<RBSE_TO_BFLY_END_EVENT>RBS_BACKFLY_STATE</RBSE_TO_BFLY_END_EVENT>
<RBSE_TO_FFLY_END_EVENT>RBS_STATE_CNT</RBSE_TO_FFLY_END_EVENT>
<RBSE_FFLY_TO_BFLY_EVENT>RBS_STATE_CNT</RBSE_FFLY_TO_BFLY_EVENT>
<RBSE_BFLY_TO_FFLY_EVENT>RBS_STATE_CNT</RBSE_BFLY_TO_FFLY_EVENT>
</RECORD>
<RECORD>
<sd>11</sd>
<STATE_NAME>RBS_BFLY_TO_STATE</STATE_NAME>
<RBSE_ENTER_STANDBY_EVENT>RBS_FLYSTILL_STATE</RBSE_ENTER_STANDBY_EVENT>
<RBSE_FRONT_FLY_EVENT>RBS_STATE_CNT</RBSE_FRONT_FLY_EVENT>
<RBSE_BACK_FLY_EVENT>RBS_TO_BFLY_STATE</RBSE_BACK_FLY_EVENT>
<RBSE_SKILL_A_EVENT>RBS_SKILLA_STATE</RBSE_SKILL_A_EVENT>
<RBSE_SKILL_B_EVENT>RBS_SKILLB_STATE</RBSE_SKILL_B_EVENT>
<RBSE_SKILL_C_EVENT>RBS_SKILLC_STATE</RBSE_SKILL_C_EVENT>
<RBSE_MOVE_END_EVENT>RBS_STATE_CNT</RBSE_MOVE_END_EVENT>
<RBSE_SKILLA_END_EVENT>RBS_STATE_CNT</RBSE_SKILLA_END_EVENT>
<RBSE_SKILLB_END_EVENT>RBS_STATE_CNT</RBSE_SKILLB_END_EVENT>
<RBSE_SKILLC_END_EVENT>RBS_STATE_CNT</RBSE_SKILLC_END_EVENT>
<RBSE_NO_LIFE_EVENT>RBS_DIE_STATE</RBSE_NO_LIFE_EVENT>
<RBSE_TO_BFLY_END_EVENT>RBS_STATE_CNT</RBSE_TO_BFLY_END_EVENT>
<RBSE_TO_FFLY_END_EVENT>RBS_STATE_CNT</RBSE_TO_FFLY_END_EVENT>
<RBSE_FFLY_TO_BFLY_EVENT>RBS_STATE_CNT</RBSE_FFLY_TO_BFLY_EVENT>
<RBSE_BFLY_TO_FFLY_EVENT>RBS_FRONTFLY_STATE</RBSE_BFLY_TO_FFLY_EVENT>
</RECORD>
</RECORDS>