<?xml version="1.0" encoding="UTF-8" standalone="yes"?>
<item>
	<role enemyId="100001" skillID="5" moveType="6" level="1" entryX="0" entryY="0" angle="0" duration="2" offsetX="0" offsetY="0"/>
	<role enemyId="100002" skillID="5" moveType="6" level="1" entryX="0" entryY="0" angle="0" duration="1" offsetX="0" offsetY="0"/>
	<role enemyId="100001" skillID="5" moveType="6" level="1" entryX="0" entryY="0" angle="0" duration="1" offsetX="0" offsetY="0"/>
	<role enemyId="100002" skillID="5" moveType="6" level="1" entryX="0" entryY="0" angle="0" duration="1" offsetX="0" offsetY="0"/>
	<role enemyId="100001" skillID="5" moveType="6" level="1" entryX="0" entryY="0" angle="0" duration="1" offsetX="0" offsetY="0"/>
	<role enemyId="100002" skillID="5" moveType="7" level="1" entryX="0" entryY="0" angle="0" duration="5" offsetX="0" offsetY="0"/>
	<role enemyId="100001" skillID="5" moveType="7" level="1" entryX="0" entryY="0" angle="0" duration="1" offsetX="0" offsetY="0"/>
	<role enemyId="100002" skillID="5" moveType="7" level="1" entryX="0" entryY="0" angle="0" duration="1" offsetX="0" offsetY="0"/>
	<role enemyId="100001" skillID="5" moveType="7" level="1" entryX="0" entryY="0" angle="0" duration="1" offsetX="0" offsetY="0"/>
	<role enemyId="100002" skillID="5" moveType="7" level="1" entryX="0" entryY="0" angle="0" duration="1" offsetX="0" offsetY="0"/>
	<role enemyId="100001" skillID="5" moveType="6" level="1" entryX="0" entryY="0" angle="0" duration="5" offsetX="0" offsetY="0"/>
	<role enemyId="100002" skillID="5" moveType="6" level="1" entryX="0" entryY="0" angle="0" duration="1" offsetX="0" offsetY="0"/>
	<role enemyId="100001" skillID="5" moveType="6" level="1" entryX="0" entryY="0" angle="0" duration="1" offsetX="0" offsetY="0"/>
	<role enemyId="100002" skillID="5" moveType="6" level="1" entryX="0" entryY="0" angle="0" duration="1" offsetX="0" offsetY="0"/>
	<role enemyId="100001" skillID="5" moveType="6" level="1" entryX="0" entryY="0" angle="0" duration="1" offsetX="0" offsetY="0"/>
	<role enemyId="100002" skillID="5" moveType="7" level="1" entryX="0" entryY="0" angle="0" duration="5" offsetX="0" offsetY="0"/>
	<role enemyId="100001" skillID="5" moveType="7" level="1" entryX="0" entryY="0" angle="0" duration="1" offsetX="0" offsetY="0"/>
	<role enemyId="100002" skillID="5" moveType="7" level="1" entryX="0" entryY="0" angle="0" duration="1" offsetX="0" offsetY="0"/>
	<role enemyId="100001" skillID="5" moveType="7" level="1" entryX="0" entryY="0" angle="0" duration="1" offsetX="0" offsetY="0"/>
	<role enemyId="100002" skillID="5" moveType="7" level="1" entryX="0" entryY="0" angle="0" duration="1" offsetX="0" offsetY="0"/>
	<role enemyId="100001" skillID="5" moveType="1" level="1" entryX="1280" entryY="270" angle="0" duration="-1" offsetX="0" offsetY="0"/>
	<role enemyId="100001" skillID="5" moveType="1" level="1" entryX="1280" entryY="270" angle="0" duration="1" offsetX="0" offsetY="0"/>
	<role enemyId="100001" skillID="5" moveType="1" level="1" entryX="1280" entryY="270" angle="0" duration="1" offsetX="0" offsetY="0"/>
	<role enemyId="100001" skillID="5" moveType="1" level="1" entryX="1280" entryY="450" angle="0" duration="1" offsetX="0" offsetY="0"/>
	<role enemyId="100001" skillID="5" moveType="1" level="1" entryX="1280" entryY="450" angle="0" duration="1" offsetX="0" offsetY="0"/>
	<role enemyId="100001" skillID="5" moveType="1" level="1" entryX="1280" entryY="450" angle="0" duration="1" offsetX="0" offsetY="0"/>
	<role enemyId="100001" skillID="5" moveType="1" level="1" entryX="1280" entryY="90" angle="0" duration="1" offsetX="0" offsetY="0"/>
	<role enemyId="100001" skillID="5" moveType="1" level="1" entryX="1280" entryY="90" angle="0" duration="1" offsetX="0" offsetY="0"/>
	<role enemyId="100001" skillID="5" moveType="1" level="1" entryX="1280" entryY="90" angle="0" duration="1" offsetX="0" offsetY="0"/>
	<role enemyId="100001" skillID="5" moveType="1" level="1" entryX="1280" entryY="630" angle="0" duration="1" offsetX="0" offsetY="0"/>
	<role enemyId="100001" skillID="5" moveType="1" level="1" entryX="1280" entryY="630" angle="0" duration="1" offsetX="0" offsetY="0"/>
	<role enemyId="100001" skillID="5" moveType="1" level="1" entryX="1280" entryY="630" angle="0" duration="1" offsetX="0" offsetY="0"/>
	<role enemyId="100002" skillID="2" moveType="2" level="1" entryX="1280" entryY="90" angle="0" duration="-1" offsetX="0" offsetY="0"/>
	<role enemyId="100002" skillID="2" moveType="2" level="1" entryX="1280" entryY="270" angle="0" duration="1" offsetX="0" offsetY="0"/>
	<role enemyId="100002" skillID="2" moveType="2" level="1" entryX="1280" entryY="180" angle="0" duration="1" offsetX="0" offsetY="0"/>
	<role enemyId="100002" skillID="2" moveType="2" level="1" entryX="1280" entryY="450" angle="0" duration="1" offsetX="0" offsetY="0"/>
	<role enemyId="100002" skillID="2" moveType="2" level="1" entryX="1280" entryY="360" angle="0" duration="1" offsetX="0" offsetY="0"/>
	<role enemyId="100002" skillID="2" moveType="2" level="1" entryX="1280" entryY="630" angle="0" duration="1" offsetX="0" offsetY="0"/>
	<role enemyId="100002" skillID="2" moveType="2" level="1" entryX="1280" entryY="540" angle="0" duration="1" offsetX="0" offsetY="0"/>
	<role enemyId="100002" skillID="2" moveType="2" level="1" entryX="1280" entryY="90" angle="0" duration="1" offsetX="0" offsetY="0"/>
	<role enemyId="100002" skillID="2" moveType="2" level="1" entryX="1280" entryY="270" angle="0" duration="1" offsetX="0" offsetY="0"/>
	<role enemyId="100002" skillID="2" moveType="2" level="1" entryX="1280" entryY="180" angle="0" duration="1" offsetX="0" offsetY="0"/>
	<role enemyId="100002" skillID="2" moveType="2" level="1" entryX="1280" entryY="450" angle="0" duration="1" offsetX="0" offsetY="0"/>
	<role enemyId="100002" skillID="2" moveType="2" level="1" entryX="1280" entryY="360" angle="0" duration="1" offsetX="0" offsetY="0"/>
	<role enemyId="100002" skillID="2" moveType="2" level="1" entryX="1280" entryY="630" angle="0" duration="1" offsetX="0" offsetY="0"/>
	<role enemyId="100002" skillID="2" moveType="2" level="1" entryX="1280" entryY="540" angle="0" duration="1" offsetX="0" offsetY="0"/>
	<role enemyId="100001" skillID="5" moveType="1" level="1" entryX="1280" entryY="0" angle="210" duration="-1" offsetX="0" offsetY="0"/>
	<role enemyId="100002" skillID="5" moveType="1" level="1" entryX="1280" entryY="0" angle="210" duration="1" offsetX="0" offsetY="0"/>
	<role enemyId="100001" skillID="5" moveType="1" level="1" entryX="1280" entryY="0" angle="210" duration="1" offsetX="0" offsetY="0"/>
	<role enemyId="100002" skillID="5" moveType="1" level="1" entryX="1280" entryY="0" angle="210" duration="1" offsetX="0" offsetY="0"/>
	<role enemyId="100001" skillID="5" moveType="1" level="1" entryX="1280" entryY="0" angle="210" duration="1" offsetX="0" offsetY="0"/>
	<role enemyId="100002" skillID="5" moveType="1" level="1" entryX="1280" entryY="0" angle="210" duration="1" offsetX="0" offsetY="0"/>
	<role enemyId="100001" skillID="5" moveType="1" level="1" entryX="1280" entryY="720" angle="120" duration="-1" offsetX="0" offsetY="0"/>
	<role enemyId="100002" skillID="5" moveType="1" level="1" entryX="1280" entryY="720" angle="120" duration="1" offsetX="0" offsetY="0"/>
	<role enemyId="100001" skillID="5" moveType="1" level="1" entryX="1280" entryY="720" angle="120" duration="1" offsetX="0" offsetY="0"/>
	<role enemyId="100002" skillID="5" moveType="1" level="1" entryX="1280" entryY="720" angle="120" duration="1" offsetX="0" offsetY="0"/>
	<role enemyId="100001" skillID="5" moveType="1" level="1" entryX="1280" entryY="720" angle="120" duration="1" offsetX="0" offsetY="0"/>
	<role enemyId="100002" skillID="5" moveType="1" level="1" entryX="1280" entryY="720" angle="120" duration="1" offsetX="0" offsetY="0"/>
	<role enemyId="100002" skillID="2" moveType="2" level="1" entryX="1280" entryY="90" angle="0" duration="-1" offsetX="0" offsetY="0"/>
	<role enemyId="100002" skillID="2" moveType="2" level="1" entryX="1280" entryY="270" angle="0" duration="1" offsetX="0" offsetY="0"/>
	<role enemyId="100002" skillID="2" moveType="2" level="1" entryX="1280" entryY="180" angle="0" duration="1" offsetX="0" offsetY="0"/>
	<role enemyId="100002" skillID="2" moveType="2" level="1" entryX="1280" entryY="450" angle="0" duration="1" offsetX="0" offsetY="0"/>
	<role enemyId="100002" skillID="2" moveType="2" level="1" entryX="1280" entryY="360" angle="0" duration="1" offsetX="0" offsetY="0"/>
	<role enemyId="100002" skillID="2" moveType="2" level="1" entryX="1280" entryY="630" angle="0" duration="1" offsetX="0" offsetY="0"/>
	<role enemyId="100002" skillID="2" moveType="2" level="1" entryX="1280" entryY="540" angle="0" duration="1" offsetX="0" offsetY="0"/>
	<role enemyId="100002" skillID="2" moveType="2" level="1" entryX="1280" entryY="90" angle="0" duration="1" offsetX="0" offsetY="0"/>
	<role enemyId="100002" skillID="2" moveType="2" level="1" entryX="1280" entryY="270" angle="0" duration="1" offsetX="0" offsetY="0"/>
	<role enemyId="100002" skillID="2" moveType="2" level="1" entryX="1280" entryY="180" angle="0" duration="1" offsetX="0" offsetY="0"/>
	<role enemyId="100002" skillID="2" moveType="2" level="1" entryX="1280" entryY="450" angle="0" duration="1" offsetX="0" offsetY="0"/>
	<role enemyId="100002" skillID="2" moveType="2" level="1" entryX="1280" entryY="360" angle="0" duration="1" offsetX="0" offsetY="0"/>
	<role enemyId="100002" skillID="2" moveType="2" level="1" entryX="1280" entryY="630" angle="0" duration="1" offsetX="0" offsetY="0"/>
	<role enemyId="100002" skillID="2" moveType="2" level="1" entryX="1280" entryY="540" angle="0" duration="1" offsetX="0" offsetY="0"/>
	<role enemyId="100001" skillID="5" moveType="16" level="1" entryX="1280" entryY="360" angle="0" duration="-1" offsetX="0" offsetY="0"/>
	<role enemyId="100001" skillID="5" moveType="16" level="1" entryX="1280" entryY="360" angle="0" duration="1" offsetX="0" offsetY="0"/>
	<role enemyId="100001" skillID="5" moveType="16" level="1" entryX="1280" entryY="360" angle="0" duration="1" offsetX="0" offsetY="0"/>
	<role enemyId="100001" skillID="5" moveType="16" level="1" entryX="1280" entryY="360" angle="0" duration="-1" offsetX="0" offsetY="0"/>
	<role enemyId="100001" skillID="5" moveType="16" level="1" entryX="1280" entryY="360" angle="0" duration="1" offsetX="0" offsetY="0"/>
	<role enemyId="100001" skillID="5" moveType="16" level="1" entryX="1280" entryY="360" angle="0" duration="1" offsetX="0" offsetY="0"/>
	<role enemyId="100003" skillID="7" moveType="19" level="1" entryX="1280" entryY="180" angle="0" duration="-1" offsetX="0" offsetY="0"/>
	<role enemyId="100003" skillID="7" moveType="19" level="1" entryX="1280" entryY="450" angle="0" duration="3" offsetX="0" offsetY="0"/>
	<role enemyId="100001" skillID="5" moveType="17" level="1" entryX="0" entryY="0" angle="0" duration="-1" offsetX="0" offsetY="0"/>
	<role enemyId="100002" skillID="5" moveType="17" level="1" entryX="0" entryY="0" angle="0" duration="1" offsetX="0" offsetY="0"/>
	<role enemyId="100001" skillID="5" moveType="17" level="1" entryX="0" entryY="0" angle="0" duration="1" offsetX="0" offsetY="0"/>
	<role enemyId="100002" skillID="5" moveType="17" level="1" entryX="0" entryY="0" angle="0" duration="1" offsetX="0" offsetY="0"/>
	<role enemyId="100001" skillID="5" moveType="17" level="1" entryX="0" entryY="0" angle="0" duration="1" offsetX="0" offsetY="0"/>
	<role enemyId="100002" skillID="5" moveType="17" level="1" entryX="0" entryY="0" angle="0" duration="1" offsetX="0" offsetY="0"/>
	<role enemyId="100001" skillID="5" moveType="17" level="1" entryX="0" entryY="0" angle="0" duration="1" offsetX="0" offsetY="0"/>
	<role enemyId="100002" skillID="5" moveType="17" level="1" entryX="0" entryY="0" angle="0" duration="1" offsetX="0" offsetY="0"/>
	<role enemyId="100001" skillID="5" moveType="17" level="1" entryX="0" entryY="0" angle="0" duration="1" offsetX="0" offsetY="0"/>
	<role enemyId="100002" skillID="5" moveType="17" level="1" entryX="0" entryY="0" angle="0" duration="1" offsetX="0" offsetY="0"/>
	<role enemyId="100001" skillID="5" moveType="18" level="1" entryX="0" entryY="0" angle="0" duration="-1" offsetX="0" offsetY="0"/>
	<role enemyId="100002" skillID="5" moveType="18" level="1" entryX="0" entryY="0" angle="0" duration="1" offsetX="0" offsetY="0"/>
	<role enemyId="100001" skillID="5" moveType="18" level="1" entryX="0" entryY="0" angle="0" duration="1" offsetX="0" offsetY="0"/>
	<role enemyId="100002" skillID="5" moveType="18" level="1" entryX="0" entryY="0" angle="0" duration="1" offsetX="0" offsetY="0"/>
	<role enemyId="100001" skillID="5" moveType="18" level="1" entryX="0" entryY="0" angle="0" duration="1" offsetX="0" offsetY="0"/>
	<role enemyId="100002" skillID="5" moveType="18" level="1" entryX="0" entryY="0" angle="0" duration="1" offsetX="0" offsetY="0"/>
	<role enemyId="100001" skillID="5" moveType="18" level="1" entryX="0" entryY="0" angle="0" duration="1" offsetX="0" offsetY="0"/>
	<role enemyId="100002" skillID="5" moveType="18" level="1" entryX="0" entryY="0" angle="0" duration="1" offsetX="0" offsetY="0"/>
	<role enemyId="100001" skillID="5" moveType="18" level="1" entryX="0" entryY="0" angle="0" duration="1" offsetX="0" offsetY="0"/>
	<role enemyId="100002" skillID="5" moveType="18" level="1" entryX="0" entryY="0" angle="0" duration="1" offsetX="0" offsetY="0"/>
	<role enemyId="200001" skillID="8" moveType="19" level="10" entryX="1280" entryY="360" angle="0" duration="-1" offsetX="0" offsetY="0"/>
</item>