<?xml version="1.0" encoding="UTF-8" standalone="yes"?>
<item>
	<role enemyId="100001" skillID="5" moveType="1" level="1" entryX="1280" entryY="270" angle="0" duration="2" offsetX="0" offsetY="0"/>
	<role enemyId="100001" skillID="5" moveType="1" level="1" entryX="1280" entryY="270" angle="0" duration="0" offsetX="100" offsetY="0"/>
	<role enemyId="100001" skillID="5" moveType="1" level="1" entryX="1280" entryY="270" angle="0" duration="0" offsetX="100" offsetY="0"/>
	<role enemyId="100001" skillID="5" moveType="1" level="1" entryX="1280" entryY="450" angle="0" duration="0" offsetX="100" offsetY="0"/>
	<role enemyId="100001" skillID="5" moveType="1" level="1" entryX="1280" entryY="450" angle="0" duration="0" offsetX="100" offsetY="0"/>
	<role enemyId="100001" skillID="5" moveType="1" level="1" entryX="1280" entryY="450" angle="0" duration="0" offsetX="100" offsetY="0"/>
	<role enemyId="100001" skillID="5" moveType="1" level="1" entryX="1280" entryY="90" angle="0" duration="2" offsetX="0" offsetY="0"/>
	<role enemyId="100001" skillID="5" moveType="1" level="1" entryX="1280" entryY="90" angle="0" duration="0" offsetX="100" offsetY="0"/>
	<role enemyId="100001" skillID="5" moveType="1" level="1" entryX="1280" entryY="90" angle="0" duration="0" offsetX="100" offsetY="0"/>
	<role enemyId="100001" skillID="5" moveType="1" level="1" entryX="1280" entryY="630" angle="0" duration="0" offsetX="100" offsetY="0"/>
	<role enemyId="100001" skillID="5" moveType="1" level="1" entryX="1280" entryY="630" angle="0" duration="0" offsetX="100" offsetY="0"/>
	<role enemyId="100001" skillID="5" moveType="1" level="1" entryX="1280" entryY="630" angle="0" duration="0" offsetX="100" offsetY="0"/>
	<role enemyId="100002" skillID="2" moveType="2" level="1" entryX="1280" entryY="90" angle="0" duration="2" offsetX="0" offsetY="0"/>
	<role enemyId="100002" skillID="2" moveType="2" level="1" entryX="1280" entryY="180" angle="0" duration="0.5" offsetX="0" offsetY="0"/>
	<role enemyId="100002" skillID="2" moveType="2" level="1" entryX="1280" entryY="270" angle="0" duration="0.5" offsetX="0" offsetY="0"/>
	<role enemyId="100002" skillID="2" moveType="2" level="1" entryX="1280" entryY="360" angle="0" duration="0.5" offsetX="0" offsetY="0"/>
	<role enemyId="100002" skillID="2" moveType="2" level="1" entryX="1280" entryY="450" angle="0" duration="0.5" offsetX="0" offsetY="0"/>
	<role enemyId="100002" skillID="2" moveType="2" level="1" entryX="1280" entryY="540" angle="0" duration="0.5" offsetX="0" offsetY="0"/>
	<role enemyId="100002" skillID="2" moveType="2" level="1" entryX="1280" entryY="630" angle="0" duration="0.5" offsetX="0" offsetY="0"/>
	<role enemyId="100002" skillID="2" moveType="2" level="1" entryX="1280" entryY="90" angle="0" duration="0.5" offsetX="0" offsetY="0"/>
	<role enemyId="100002" skillID="2" moveType="2" level="1" entryX="1280" entryY="180" angle="0" duration="0.5" offsetX="0" offsetY="0"/>
	<role enemyId="100002" skillID="2" moveType="2" level="1" entryX="1280" entryY="270" angle="0" duration="0.5" offsetX="0" offsetY="0"/>
	<role enemyId="100002" skillID="2" moveType="2" level="1" entryX="1280" entryY="360" angle="0" duration="0.5" offsetX="0" offsetY="0"/>
	<role enemyId="100002" skillID="2" moveType="2" level="1" entryX="1280" entryY="450" angle="0" duration="0.5" offsetX="0" offsetY="0"/>
	<role enemyId="100002" skillID="2" moveType="2" level="1" entryX="1280" entryY="540" angle="0" duration="0.5" offsetX="0" offsetY="0"/>
	<role enemyId="100002" skillID="2" moveType="2" level="1" entryX="1280" entryY="630" angle="0" duration="0.5" offsetX="0" offsetY="0"/>
	<role enemyId="200001" skillID="7" moveType="5" level="1" entryX="800" entryY="0" angle="0" duration="5" offsetX="0" offsetY="0"/>
	<role enemyId="100003" skillID="3" moveType="1" level="1" entryX="1280" entryY="90" angle="0" duration="-1" offsetX="0" offsetY="0"/>
	<role enemyId="100003" skillID="3" moveType="1" level="1" entryX="1280" entryY="180" angle="0" duration="0" offsetX="0" offsetY="0"/>
	<role enemyId="100003" skillID="3" moveType="1" level="1" entryX="1280" entryY="270" angle="0" duration="0" offsetX="0" offsetY="0"/>
	<role enemyId="100003" skillID="3" moveType="1" level="1" entryX="1280" entryY="360" angle="0" duration="0" offsetX="0" offsetY="0"/>
	<role enemyId="100003" skillID="3" moveType="1" level="1" entryX="1280" entryY="450" angle="0" duration="0" offsetX="0" offsetY="0"/>
	<role enemyId="100003" skillID="3" moveType="1" level="1" entryX="1280" entryY="540" angle="0" duration="0" offsetX="0" offsetY="0"/>
	<role enemyId="100003" skillID="3" moveType="1" level="1" entryX="1280" entryY="630" angle="0" duration="0" offsetX="0" offsetY="0"/>
	<role enemyId="100003" skillID="3" moveType="1" level="1" entryX="1280" entryY="90" angle="0" duration="2" offsetX="0" offsetY="0"/>
	<role enemyId="100003" skillID="3" moveType="1" level="1" entryX="1280" entryY="180" angle="0" duration="0" offsetX="0" offsetY="0"/>
	<role enemyId="100003" skillID="3" moveType="1" level="1" entryX="1280" entryY="270" angle="0" duration="0" offsetX="0" offsetY="0"/>
	<role enemyId="100003" skillID="3" moveType="1" level="1" entryX="1280" entryY="360" angle="0" duration="0" offsetX="0" offsetY="0"/>
	<role enemyId="100003" skillID="3" moveType="1" level="1" entryX="1280" entryY="450" angle="0" duration="0" offsetX="0" offsetY="0"/>
	<role enemyId="100003" skillID="3" moveType="1" level="1" entryX="1280" entryY="540" angle="0" duration="0" offsetX="0" offsetY="0"/>
	<role enemyId="100003" skillID="3" moveType="1" level="1" entryX="1280" entryY="630" angle="0" duration="0" offsetX="0" offsetY="0"/>
	<role enemyId="100003" skillID="3" moveType="1" level="1" entryX="1280" entryY="90" angle="0" duration="2" offsetX="0" offsetY="0"/>
	<role enemyId="100003" skillID="3" moveType="1" level="1" entryX="1280" entryY="180" angle="0" duration="0" offsetX="0" offsetY="0"/>
	<role enemyId="100003" skillID="3" moveType="1" level="1" entryX="1280" entryY="270" angle="0" duration="0" offsetX="0" offsetY="0"/>
	<role enemyId="100003" skillID="3" moveType="1" level="1" entryX="1280" entryY="360" angle="0" duration="0" offsetX="0" offsetY="0"/>
	<role enemyId="100003" skillID="3" moveType="1" level="1" entryX="1280" entryY="450" angle="0" duration="0" offsetX="0" offsetY="0"/>
	<role enemyId="100003" skillID="3" moveType="1" level="1" entryX="1280" entryY="540" angle="0" duration="0" offsetX="0" offsetY="0"/>
	<role enemyId="100003" skillID="3" moveType="1" level="1" entryX="1280" entryY="630" angle="0" duration="0" offsetX="0" offsetY="0"/>
	<role enemyId="100003" skillID="3" moveType="1" level="1" entryX="1280" entryY="90" angle="0" duration="2" offsetX="0" offsetY="0"/>
	<role enemyId="100003" skillID="3" moveType="1" level="1" entryX="1280" entryY="180" angle="0" duration="0" offsetX="0" offsetY="0"/>
	<role enemyId="100003" skillID="3" moveType="1" level="1" entryX="1280" entryY="270" angle="0" duration="0" offsetX="0" offsetY="0"/>
	<role enemyId="100003" skillID="3" moveType="1" level="1" entryX="1280" entryY="360" angle="0" duration="0" offsetX="0" offsetY="0"/>
	<role enemyId="100003" skillID="3" moveType="1" level="1" entryX="1280" entryY="450" angle="0" duration="0" offsetX="0" offsetY="0"/>
	<role enemyId="100003" skillID="3" moveType="1" level="1" entryX="1280" entryY="540" angle="0" duration="0" offsetX="0" offsetY="0"/>
	<role enemyId="100003" skillID="3" moveType="1" level="1" entryX="1280" entryY="630" angle="0" duration="0" offsetX="0" offsetY="0"/>
	<role enemyId="100001" skillID="5" moveType="17" level="1" entryX="0" entryY="0" angle="0" duration="-1" offsetX="80" offsetY="0"/>
	<role enemyId="100001" skillID="5" moveType="17" level="1" entryX="0" entryY="0" angle="0" duration="0" offsetX="80" offsetY="0"/>
	<role enemyId="100001" skillID="5" moveType="17" level="1" entryX="0" entryY="0" angle="0" duration="0" offsetX="80" offsetY="0"/>
	<role enemyId="100001" skillID="5" moveType="17" level="1" entryX="0" entryY="0" angle="0" duration="0" offsetX="80" offsetY="0"/>
	<role enemyId="100001" skillID="5" moveType="17" level="1" entryX="0" entryY="0" angle="0" duration="0" offsetX="80" offsetY="0"/>
	<role enemyId="100001" skillID="5" moveType="18" level="1" entryX="0" entryY="0" angle="0" duration="2" offsetX="80" offsetY="0"/>
	<role enemyId="100001" skillID="5" moveType="18" level="1" entryX="0" entryY="0" angle="0" duration="0" offsetX="80" offsetY="0"/>
	<role enemyId="100001" skillID="5" moveType="18" level="1" entryX="0" entryY="0" angle="0" duration="0" offsetX="80" offsetY="0"/>
	<role enemyId="100001" skillID="5" moveType="18" level="1" entryX="0" entryY="0" angle="0" duration="0" offsetX="80" offsetY="0"/>
	<role enemyId="100001" skillID="5" moveType="18" level="1" entryX="0" entryY="0" angle="0" duration="0" offsetX="80" offsetY="0"/>
	<role enemyId="100001" skillID="5" moveType="17" level="1" entryX="0" entryY="0" angle="0" duration="2" offsetX="80" offsetY="0"/>
	<role enemyId="100001" skillID="5" moveType="17" level="1" entryX="0" entryY="0" angle="0" duration="0" offsetX="80" offsetY="0"/>
	<role enemyId="100001" skillID="5" moveType="17" level="1" entryX="0" entryY="0" angle="0" duration="0" offsetX="80" offsetY="0"/>
	<role enemyId="100001" skillID="5" moveType="17" level="1" entryX="0" entryY="0" angle="0" duration="0" offsetX="80" offsetY="0"/>
	<role enemyId="100001" skillID="5" moveType="17" level="1" entryX="0" entryY="0" angle="0" duration="0" offsetX="80" offsetY="0"/>
	<role enemyId="100001" skillID="5" moveType="18" level="1" entryX="0" entryY="0" angle="0" duration="2" offsetX="80" offsetY="0"/>
	<role enemyId="100001" skillID="5" moveType="18" level="1" entryX="0" entryY="0" angle="0" duration="0" offsetX="80" offsetY="0"/>
	<role enemyId="100001" skillID="5" moveType="18" level="1" entryX="0" entryY="0" angle="0" duration="0" offsetX="80" offsetY="0"/>
	<role enemyId="100001" skillID="5" moveType="18" level="1" entryX="0" entryY="0" angle="0" duration="0" offsetX="80" offsetY="0"/>
	<role enemyId="100001" skillID="5" moveType="18" level="1" entryX="0" entryY="0" angle="0" duration="0" offsetX="80" offsetY="0"/>
	<role enemyId="100001" skillID="5" moveType="1" level="1" entryX="960" entryY="0" angle="0" duration="2" offsetX="80" offsetY="0"/>
	<role enemyId="100001" skillID="5" moveType="1" level="1" entryX="960" entryY="0" angle="0" duration="0" offsetX="80" offsetY="0"/>
	<role enemyId="100001" skillID="5" moveType="1" level="1" entryX="960" entryY="0" angle="0" duration="0" offsetX="80" offsetY="0"/>
	<role enemyId="100001" skillID="5" moveType="1" level="1" entryX="960" entryY="0" angle="0" duration="0" offsetX="80" offsetY="0"/>
	<role enemyId="100001" skillID="5" moveType="1" level="1" entryX="960" entryY="0" angle="0" duration="0" offsetX="80" offsetY="0"/>
	<role enemyId="100001" skillID="5" moveType="1" level="1" entryX="1120" entryY="720" angle="0" duration="2" offsetX="80" offsetY="0"/>
	<role enemyId="100001" skillID="5" moveType="1" level="1" entryX="1120" entryY="720" angle="0" duration="0" offsetX="80" offsetY="0"/>
	<role enemyId="100001" skillID="5" moveType="1" level="1" entryX="1120" entryY="720" angle="0" duration="0" offsetX="80" offsetY="0"/>
	<role enemyId="100001" skillID="5" moveType="1" level="1" entryX="1120" entryY="720" angle="0" duration="0" offsetX="80" offsetY="0"/>
	<role enemyId="100001" skillID="5" moveType="1" level="1" entryX="1120" entryY="720" angle="0" duration="0" offsetX="80" offsetY="0"/>
	<role enemyId="100003" skillID="3" moveType="1" level="1" entryX="1280" entryY="90" angle="0" duration="5" offsetX="0" offsetY="0"/>
	<role enemyId="100003" skillID="3" moveType="1" level="1" entryX="1280" entryY="180" angle="0" duration="0" offsetX="50" offsetY="0"/>
	<role enemyId="100003" skillID="3" moveType="1" level="1" entryX="1280" entryY="270" angle="0" duration="0" offsetX="0" offsetY="0"/>
	<role enemyId="100003" skillID="3" moveType="1" level="1" entryX="1280" entryY="360" angle="0" duration="0" offsetX="50" offsetY="0"/>
	<role enemyId="100003" skillID="3" moveType="1" level="1" entryX="1280" entryY="450" angle="0" duration="0" offsetX="0" offsetY="0"/>
	<role enemyId="100003" skillID="3" moveType="1" level="1" entryX="1280" entryY="540" angle="0" duration="0" offsetX="50" offsetY="0"/>
	<role enemyId="100003" skillID="3" moveType="1" level="1" entryX="1280" entryY="630" angle="0" duration="0" offsetX="0" offsetY="0"/>
	<role enemyId="100003" skillID="3" moveType="1" level="1" entryX="1280" entryY="90" angle="0" duration="2" offsetX="50" offsetY="0"/>
	<role enemyId="100003" skillID="3" moveType="1" level="1" entryX="1280" entryY="180" angle="0" duration="0" offsetX="0" offsetY="0"/>
	<role enemyId="100003" skillID="3" moveType="1" level="1" entryX="1280" entryY="270" angle="0" duration="0" offsetX="50" offsetY="0"/>
	<role enemyId="100003" skillID="3" moveType="1" level="1" entryX="1280" entryY="360" angle="0" duration="0" offsetX="0" offsetY="0"/>
	<role enemyId="100003" skillID="3" moveType="1" level="1" entryX="1280" entryY="450" angle="0" duration="0" offsetX="50" offsetY="0"/>
	<role enemyId="100003" skillID="3" moveType="1" level="1" entryX="1280" entryY="540" angle="0" duration="0" offsetX="0" offsetY="0"/>
	<role enemyId="100003" skillID="3" moveType="1" level="1" entryX="1280" entryY="630" angle="0" duration="0" offsetX="50" offsetY="0"/>
	<role enemyId="100002" skillID="2" moveType="3" level="1" entryX="1280" entryY="90" angle="0" duration="2" offsetX="0" offsetY="0"/>
	<role enemyId="100002" skillID="2" moveType="3" level="1" entryX="1280" entryY="180" angle="0" duration="0.5" offsetX="0" offsetY="0"/>
	<role enemyId="100002" skillID="2" moveType="3" level="1" entryX="1280" entryY="270" angle="0" duration="0.5" offsetX="0" offsetY="0"/>
	<role enemyId="100002" skillID="2" moveType="3" level="1" entryX="1280" entryY="360" angle="0" duration="0.5" offsetX="0" offsetY="0"/>
	<role enemyId="100002" skillID="2" moveType="3" level="1" entryX="1280" entryY="450" angle="0" duration="0.5" offsetX="0" offsetY="0"/>
	<role enemyId="100002" skillID="2" moveType="3" level="1" entryX="1280" entryY="540" angle="0" duration="0.5" offsetX="0" offsetY="0"/>
	<role enemyId="100002" skillID="2" moveType="3" level="1" entryX="1280" entryY="630" angle="0" duration="0.5" offsetX="0" offsetY="0"/>
	<role enemyId="100002" skillID="2" moveType="3" level="1" entryX="1280" entryY="90" angle="0" duration="0.5" offsetX="0" offsetY="0"/>
	<role enemyId="100002" skillID="2" moveType="3" level="1" entryX="1280" entryY="180" angle="0" duration="0.5" offsetX="0" offsetY="0"/>
	<role enemyId="100002" skillID="2" moveType="3" level="1" entryX="1280" entryY="270" angle="0" duration="0.5" offsetX="0" offsetY="0"/>
	<role enemyId="100002" skillID="2" moveType="3" level="1" entryX="1280" entryY="360" angle="0" duration="0.5" offsetX="0" offsetY="0"/>
	<role enemyId="100002" skillID="2" moveType="3" level="1" entryX="1280" entryY="450" angle="0" duration="0.5" offsetX="0" offsetY="0"/>
	<role enemyId="100002" skillID="2" moveType="3" level="1" entryX="1280" entryY="540" angle="0" duration="0.5" offsetX="0" offsetY="0"/>
	<role enemyId="100002" skillID="2" moveType="3" level="1" entryX="1280" entryY="630" angle="0" duration="0.5" offsetX="0" offsetY="0"/>
	<role enemyId="200001" skillID="7" moveType="4" level="1" entryX="800" entryY="0" angle="0" duration="6" offsetX="0" offsetY="0"/>
	<role enemyId="100003" skillID="3" moveType="1" level="1" entryX="1280" entryY="90" angle="0" duration="2" offsetX="0" offsetY="0"/>
	<role enemyId="100003" skillID="3" moveType="1" level="1" entryX="1280" entryY="180" angle="0" duration="0" offsetX="50" offsetY="0"/>
	<role enemyId="100003" skillID="3" moveType="1" level="1" entryX="1280" entryY="270" angle="0" duration="0" offsetX="0" offsetY="0"/>
	<role enemyId="100003" skillID="3" moveType="1" level="1" entryX="1280" entryY="360" angle="0" duration="0" offsetX="50" offsetY="0"/>
	<role enemyId="100003" skillID="3" moveType="1" level="1" entryX="1280" entryY="450" angle="0" duration="0" offsetX="0" offsetY="0"/>
	<role enemyId="100003" skillID="3" moveType="1" level="1" entryX="1280" entryY="540" angle="0" duration="0" offsetX="50" offsetY="0"/>
	<role enemyId="100003" skillID="3" moveType="1" level="1" entryX="1280" entryY="630" angle="0" duration="0" offsetX="0" offsetY="0"/>
	<role enemyId="100003" skillID="3" moveType="1" level="1" entryX="1280" entryY="90" angle="0" duration="0" offsetX="50" offsetY="0"/>
	<role enemyId="100003" skillID="3" moveType="1" level="1" entryX="1280" entryY="180" angle="0" duration="0" offsetX="0" offsetY="0"/>
	<role enemyId="100003" skillID="3" moveType="1" level="1" entryX="1280" entryY="270" angle="0" duration="0" offsetX="50" offsetY="0"/>
	<role enemyId="100003" skillID="3" moveType="1" level="1" entryX="1280" entryY="360" angle="0" duration="0" offsetX="0" offsetY="0"/>
	<role enemyId="100003" skillID="3" moveType="1" level="1" entryX="1280" entryY="450" angle="0" duration="0" offsetX="50" offsetY="0"/>
	<role enemyId="100003" skillID="3" moveType="1" level="1" entryX="1280" entryY="540" angle="0" duration="0" offsetX="0" offsetY="0"/>
	<role enemyId="100003" skillID="3" moveType="1" level="1" entryX="1280" entryY="630" angle="0" duration="0" offsetX="50" offsetY="0"/>
	<role enemyId="300001" skillID="9" moveType="11" level="1" entryX="1280" entryY="360" angle="0" duration="-1" offsetX="0" offsetY="0"/>
	<role enemyId="300002" skillID="10" moveType="12" level="1" entryX="1280" entryY="360" angle="0" duration="-1" offsetX="0" offsetY="0"/>
</item>