<?xml version="1.0" encoding="UTF-8"?>
<!--
enemyID： 怪物表
bulletID:怪物子弹 表  0代表 无子弹攻击
camType:摄像机类型，1正常。2暂停。3上下颤抖 4 跟随怪物动作。屏幕位置相对固定。
moveType:移动类型，怪物运动轨迹

-->
<Config>
	<mission id="1" enemyId="1" bulletID="5" camType="1" moveType="1" moveSpeed="120" actType="2" entryX="1280" entryY="400" angle="270" position="1476"/>
	<mission id="2" enemyId="1" bulletID="5" camType="1" moveType="6" moveSpeed="60" actType="2" entryX="0" entryY="0" angle="0" position="1792"/>
	<mission id="3" enemyId="1" bulletID="5" camType="1" moveType="7" moveSpeed="80" actType="2" entryX="0" entryY="0" angle="0" position="1959"/>
	<mission id="4" enemyId="5" bulletID="8" camType="1" moveType="1" moveSpeed="-1" actType="2" entryX="1280" entryY="591" angle="270" position="2222"/>
	<mission id="5" enemyId="2" bulletID="3" camType="1" moveType="8" moveSpeed="70" actType="2" entryX="0" entryY="0" angle="0" position="2460"/>
	<mission id="6" enemyId="2" bulletID="3" camType="1" moveType="8" moveSpeed="70" actType="2" entryX="0" entryY="0" angle="0" position="2540"/>
	<mission id="7" enemyId="2" bulletID="3" camType="1" moveType="8" moveSpeed="70" actType="2" entryX="0" entryY="0" angle="0" position="2620"/>
	<mission id="8" enemyId="2" bulletID="3" camType="1" moveType="8" moveSpeed="70" actType="2" entryX="0" entryY="0" angle="0" position="2700"/>
	<mission id="9" enemyId="2" bulletID="3" camType="1" moveType="8" moveSpeed="70" actType="2" entryX="0" entryY="0" angle="0" position="2780"/>
	<mission id="10" enemyId="2" bulletID="3" camType="1" moveType="8" moveSpeed="70" actType="2" entryX="0" entryY="0" angle="0" position="2860"/>
	<mission id="11" enemyId="2" bulletID="3" camType="1" moveType="8" moveSpeed="70" actType="2" entryX="0" entryY="0" angle="0" position="2940"/>
	<mission id="12" enemyId="3" bulletID="3" camType="1" moveType="3" moveSpeed="100" actType="2" entryX="1280" entryY="329" angle="0" position="2571"/>
	<mission id="13" enemyId="4" bulletID="7" camType="1" moveType="1" moveSpeed="-1" actType="2" entryX="1280" entryY="676" angle="270" position="2700"/>
	<mission id="14" enemyId="3" bulletID="3" camType="1" moveType="2" moveSpeed="100" actType="2" entryX="0" entryY="78" angle="0" position="2888"/>
	<mission id="15" enemyId="4" bulletID="7" camType="1" moveType="1" moveSpeed="-1" actType="2" entryX="1280" entryY="676" angle="270" position="2946"/>
	<mission id="16" enemyId="3" bulletID="3" camType="1" moveType="2" moveSpeed="100" actType="2" entryX="1280" entryY="466" angle="0" position="2960"/>
	<mission id="17" enemyId="3" bulletID="3" camType="1" moveType="2" moveSpeed="100" actType="2" entryX="1280" entryY="293" angle="0" position="3250"/>
	<mission id="18" enemyId="1" bulletID="5" camType="1" moveType="11" moveSpeed="120" actType="2" entryX="0" entryY="0" angle="0" position="3391"/>
	<mission id="19" enemyId="1" bulletID="5" camType="1" moveType="11" moveSpeed="120" actType="2" entryX="0" entryY="0" angle="0" position="3481"/>
	<mission id="20" enemyId="1" bulletID="5" camType="1" moveType="11" moveSpeed="120" actType="2" entryX="0" entryY="0" angle="0" position="3571"/>
	<mission id="21" enemyId="1" bulletID="5" camType="1" moveType="11" moveSpeed="120" actType="2" entryX="0" entryY="0" angle="0" position="3661"/>
	<mission id="22" enemyId="1" bulletID="5" camType="1" moveType="11" moveSpeed="120" actType="2" entryX="0" entryY="0" angle="0" position="3751"/>
	<mission id="23" enemyId="1" bulletID="5" camType="1" moveType="10" moveSpeed="120" actType="2" entryX="0" entryY="0" angle="0" position="3525"/>
	<mission id="24" enemyId="1" bulletID="5" camType="1" moveType="10" moveSpeed="120" actType="2" entryX="0" entryY="0" angle="0" position="3615"/>
	<mission id="25" enemyId="1" bulletID="5" camType="1" moveType="10" moveSpeed="120" actType="2" entryX="0" entryY="0" angle="0" position="3705"/>
	<mission id="26" enemyId="1" bulletID="5" camType="1" moveType="10" moveSpeed="120" actType="2" entryX="0" entryY="0" angle="0" position="3795"/>
	<mission id="27" enemyId="1" bulletID="5" camType="1" moveType="10" moveSpeed="120" actType="2" entryX="0" entryY="0" angle="0" position="3885"/>
	<mission id="28" enemyId="6" bulletID="0" camType="1" moveType="1" moveSpeed="80" actType="2" entryX="1280" entryY="530" angle="270" position="3744"/>
	<mission id="29" enemyId="6" bulletID="0" camType="1" moveType="1" moveSpeed="200" actType="2" entryX="1280" entryY="187" angle="270" position="4137"/>
	<mission id="30" enemyId="6" bulletID="0" camType="1" moveType="1" moveSpeed="80" actType="2" entryX="1280" entryY="517" angle="270" position="4534"/>
	<mission id="31" enemyId="1" bulletID="5" camType="1" moveType="12" moveSpeed="250" actType="2" entryX="0" entryY="0" angle="0" position="4989"/>
	<mission id="32" enemyId="1" bulletID="5" camType="1" moveType="12" moveSpeed="250" actType="2" entryX="0" entryY="0" angle="0" position="5014"/>
	<mission id="33" enemyId="1" bulletID="5" camType="1" moveType="12" moveSpeed="250" actType="2" entryX="0" entryY="0" angle="0" position="5039"/>
	<mission id="34" enemyId="1" bulletID="5" camType="1" moveType="12" moveSpeed="250" actType="2" entryX="0" entryY="0" angle="0" position="5064"/>
	<mission id="35" enemyId="1" bulletID="5" camType="1" moveType="12" moveSpeed="250" actType="2" entryX="0" entryY="0" angle="0" position="5089"/>
	<mission id="36" enemyId="1" bulletID="5" camType="1" moveType="12" moveSpeed="250" actType="2" entryX="0" entryY="0" angle="0" position="5114"/>
	<mission id="37" enemyId="1" bulletID="5" camType="1" moveType="12" moveSpeed="250" actType="2" entryX="0" entryY="0" angle="0" position="5139"/>
	<mission id="38" enemyId="1" bulletID="5" camType="1" moveType="12" moveSpeed="250" actType="2" entryX="0" entryY="0" angle="0" position="5164"/>
	<mission id="39" enemyId="1" bulletID="5" camType="1" moveType="12" moveSpeed="250" actType="2" entryX="0" entryY="0" angle="0" position="5189"/>
	<mission id="40" enemyId="5" bulletID="8" camType="1" moveType="1" moveSpeed="-1" actType="2" entryX="1280" entryY="573" angle="270" position="5134"/>
	<mission id="41" enemyId="2" bulletID="3" camType="1" moveType="18" moveSpeed="1200" actType="2" entryX="0" entryY="0" angle="0" position="5139"/>
	<mission id="42" enemyId="5" bulletID="8" camType="1" moveType="1" moveSpeed="-1" actType="2" entryX="1280" entryY="672" angle="270" position="5402"/>
	<mission id="43" enemyId="2" bulletID="3" camType="1" moveType="2" moveSpeed="120" actType="2" entryX="800" entryY="0" angle="0" position="5855"/>
	<mission id="44" enemyId="3" bulletID="3" camType="1" moveType="17" moveSpeed="100" actType="2" entryX="0" entryY="0" angle="0" position="5755"/>
	<mission id="45" enemyId="3" bulletID="3" camType="1" moveType="18" moveSpeed="100" actType="2" entryX="0" entryY="0" angle="0" position="5755"/>
	<mission id="46" enemyId="3" bulletID="3" camType="1" moveType="17" moveSpeed="100" actType="2" entryX="0" entryY="0" angle="0" position="5955"/>
	<mission id="47" enemyId="3" bulletID="3" camType="1" moveType="18" moveSpeed="100" actType="2" entryX="0" entryY="0" angle="0" position="5955"/>
	<mission id="48" enemyId="3" bulletID="3" camType="1" moveType="17" moveSpeed="100" actType="2" entryX="0" entryY="0" angle="0" position="6155"/>
	<mission id="49" enemyId="3" bulletID="3" camType="1" moveType="18" moveSpeed="100" actType="2" entryX="0" entryY="0" angle="0" position="6155"/>
	<mission id="50" enemyId="3" bulletID="3" camType="1" moveType="17" moveSpeed="100" actType="2" entryX="0" entryY="0" angle="0" position="6355"/>
	<mission id="51" enemyId="3" bulletID="3" camType="1" moveType="18" moveSpeed="100" actType="2" entryX="0" entryY="0" angle="0" position="6355"/>
	<mission id="52" enemyId="3" bulletID="3" camType="1" moveType="17" moveSpeed="100" actType="2" entryX="0" entryY="0" angle="0" position="6555"/>
	<mission id="53" enemyId="3" bulletID="3" camType="1" moveType="18" moveSpeed="100" actType="2" entryX="0" entryY="0" angle="0" position="6555"/>
	<mission id="54" enemyId="2" bulletID="3" camType="1" moveType="2" moveSpeed="200" actType="2" entryX="320" entryY="0" angle="270" position="6148"/>
	<mission id="55" enemyId="8" bulletID="1" camType="2" moveType="1" moveSpeed="-1" actType="2" entryX="1080" entryY="540" angle="0" position="6500"/>
	<mission id="56" enemyId="7" bulletID="3" camType="1" moveType="1" moveSpeed="120" actType="2" entryX="1280" entryY="360" angle="270" position="7484"/>
	<mission id="57" enemyId="1" bulletID="3" camType="1" moveType="1" moveSpeed="120" actType="2" entryX="1280" entryY="360" angle="270" position="7670"/>
	<mission id="58" enemyId="1" bulletID="3" camType="1" moveType="1" moveSpeed="120" actType="2" entryX="1280" entryY="240" angle="270" position="7750"/>
	<mission id="59" enemyId="1" bulletID="3" camType="1" moveType="1" moveSpeed="120" actType="2" entryX="1280" entryY="480" angle="270" position="7750"/>
	<mission id="60" enemyId="1" bulletID="3" camType="1" moveType="1" moveSpeed="120" actType="2" entryX="1280" entryY="120" angle="270" position="7830"/>
	<mission id="61" enemyId="1" bulletID="3" camType="1" moveType="1" moveSpeed="120" actType="2" entryX="1280" entryY="600" angle="270" position="7830"/>
	<mission id="62" enemyId="1" bulletID="3" camType="1" moveType="1" moveSpeed="120" actType="2" entryX="1280" entryY="360" angle="270" position="7970"/>
	<mission id="63" enemyId="1" bulletID="3" camType="1" moveType="1" moveSpeed="120" actType="2" entryX="1280" entryY="240" angle="270" position="8050"/>
	<mission id="64" enemyId="1" bulletID="3" camType="1" moveType="1" moveSpeed="120" actType="2" entryX="1280" entryY="480" angle="270" position="8050"/>
	<mission id="65" enemyId="1" bulletID="3" camType="1" moveType="1" moveSpeed="120" actType="2" entryX="1280" entryY="120" angle="270" position="8130"/>
	<mission id="66" enemyId="1" bulletID="3" camType="1" moveType="1" moveSpeed="120" actType="2" entryX="1280" entryY="600" angle="270" position="8130"/>
	<mission id="67" enemyId="6" bulletID="0" camType="1" moveType="1" moveSpeed="60" actType="2" entryX="1280" entryY="180" angle="270" position="8670"/>
	<mission id="68" enemyId="6" bulletID="0" camType="1" moveType="1" moveSpeed="60" actType="2" entryX="1280" entryY="540" angle="270" position="8670"/>
	<mission id="69" enemyId="1" bulletID="5" camType="1" moveType="1" moveSpeed="500" actType="2" entryX="0" entryY="360" angle="90" position="9000"/>
	<mission id="70" enemyId="1" bulletID="5" camType="1" moveType="1" moveSpeed="500" actType="2" entryX="0" entryY="240" angle="0" position="9000"/>
	<mission id="71" enemyId="1" bulletID="5" camType="1" moveType="1" moveSpeed="500" actType="2" entryX="0" entryY="120" angle="0" position="9000"/>
	<mission id="72" enemyId="1" bulletID="5" camType="1" moveType="1" moveSpeed="500" actType="2" entryX="0" entryY="480" angle="0" position="9000"/>
	<mission id="73" enemyId="1" bulletID="5" camType="1" moveType="1" moveSpeed="500" actType="2" entryX="0" entryY="600" angle="0" position="9000"/>
	<mission id="74" enemyId="6" bulletID="0" camType="1" moveType="1" moveSpeed="100" actType="2" entryX="1280" entryY="560" angle="315" position="9300"/>
	<mission id="75" enemyId="6" bulletID="0" camType="1" moveType="1" moveSpeed="100" actType="2" entryX="1280" entryY="560" angle="225" position="9650"/>
	<mission id="76" enemyId="3" bulletID="3" camType="1" moveType="2" moveSpeed="100" actType="2" entryX="0" entryY="0" angle="0" position="10300"/>
	<mission id="77" enemyId="3" bulletID="3" camType="1" moveType="2" moveSpeed="100" actType="2" entryX="0" entryY="0" angle="0" position="10520"/>
	<mission id="78" enemyId="3" bulletID="3" camType="1" moveType="2" moveSpeed="100" actType="2" entryX="0" entryY="0" angle="0" position="10740"/>
	<mission id="79" enemyId="3" bulletID="3" camType="1" moveType="2" moveSpeed="100" actType="2" entryX="0" entryY="0" angle="0" position="10300"/>
	<mission id="80" enemyId="3" bulletID="3" camType="1" moveType="2" moveSpeed="100" actType="2" entryX="0" entryY="0" angle="0" position="10520"/>
	<mission id="81" enemyId="3" bulletID="3" camType="1" moveType="2" moveSpeed="100" actType="2" entryX="0" entryY="0" angle="0" position="10740"/>
	<mission id="82" enemyId="2" bulletID="3" camType="1" moveType="7" moveSpeed="180" actType="2" entryX="0" entryY="0" angle="0" position="10300"/>
	<mission id="83" enemyId="1" bulletID="5" camType="1" moveType="6" moveSpeed="180" actType="2" entryX="0" entryY="0" angle="0" position="10480"/>
	<mission id="84" enemyId="1" bulletID="5" camType="1" moveType="7" moveSpeed="180" actType="2" entryX="0" entryY="0" angle="0" position="10660"/>
	<mission id="85" enemyId="3" bulletID="3" camType="1" moveType="6" moveSpeed="180" actType="2" entryX="0" entryY="0" angle="0" position="10840"/>
	<mission id="86" enemyId="4" bulletID="7" camType="1" moveType="1" moveSpeed="-1" actType="2" entryX="1280" entryY="610" angle="0" position="11500"/>
	<mission id="87" enemyId="4" bulletID="7" camType="1" moveType="1" moveSpeed="70" actType="2" entryX="1280" entryY="630" angle="0" position="11850"/>
	<mission id="88" enemyId="4" bulletID="7" camType="1" moveType="2" moveSpeed="70" actType="2" entryX="1280" entryY="566" angle="0" position="12270"/>
	<mission id="89" enemyId="6" bulletID="0" camType="1" moveType="2" moveSpeed="600" actType="2" entryX="0" entryY="300" angle="90" position="12050"/>
	<mission id="90" enemyId="5" bulletID="8" camType="1" moveType="1" moveSpeed="-1" actType="2" entryX="1280" entryY="200" angle="0" position="13121"/>
	<mission id="91" enemyId="1" bulletID="1" camType="1" moveType="1" moveSpeed="300" actType="2" entryX="1280" entryY="150" angle="270" position="13090"/>
	<mission id="92" enemyId="1" bulletID="1" camType="1" moveType="1" moveSpeed="300" actType="2" entryX="1280" entryY="150" angle="270" position="13170"/>
	<mission id="93" enemyId="1" bulletID="1" camType="1" moveType="1" moveSpeed="300" actType="2" entryX="1280" entryY="150" angle="270" position="13250"/>
	<mission id="94" enemyId="1" bulletID="1" camType="1" moveType="1" moveSpeed="300" actType="2" entryX="1280" entryY="150" angle="270" position="13330"/>
	<mission id="95" enemyId="1" bulletID="1" camType="1" moveType="1" moveSpeed="300" actType="2" entryX="1280" entryY="150" angle="270" position="13410"/>
	<mission id="96" enemyId="1" bulletID="1" camType="1" moveType="1" moveSpeed="300" actType="2" entryX="1280" entryY="150" angle="270" position="13490"/>
	<mission id="97" enemyId="1" bulletID="1" camType="1" moveType="1" moveSpeed="300" actType="2" entryX="1280" entryY="150" angle="270" position="13570"/>
	<mission id="98" enemyId="3" bulletID="1" camType="1" moveType="1" moveSpeed="300" actType="2" entryX="1280" entryY="150" angle="270" position="13650"/>
	<mission id="99" enemyId="5" bulletID="8" camType="1" moveType="5" moveSpeed="-1" actType="2" entryX="1280" entryY="512" angle="0" position="14293"/>
	<mission id="100" enemyId="5" bulletID="8" camType="1" moveType="1" moveSpeed="-1" actType="2" entryX="1280" entryY="525" angle="0" position="14510"/>
	<mission id="101" enemyId="1" bulletID="0" camType="1" moveType="1" moveSpeed="60" actType="2" entryX="1280" entryY="200" angle="270" position="16491"/>
	<mission id="102" enemyId="1" bulletID="0" camType="1" moveType="1" moveSpeed="60" actType="2" entryX="1280" entryY="600" angle="270" position="16491"/>
	<mission id="103" enemyId="7" bulletID="2" camType="1" moveType="1" moveSpeed="200" actType="2" entryX="0" entryY="210" angle="90" position="16491"/>
	<mission id="104" enemyId="7" bulletID="2" camType="1" moveType="1" moveSpeed="200" actType="2" entryX="0" entryY="360" angle="90" position="16491"/>
	<mission id="105" enemyId="7" bulletID="2" camType="1" moveType="5" moveSpeed="200" actType="2" entryX="0" entryY="510" angle="90" position="16491"/>
	<mission id="106" enemyId="1" bulletID="0" camType="1" moveType="1" moveSpeed="60" actType="2" entryX="1280" entryY="200" angle="270" position="17000"/>
	<mission id="107" enemyId="1" bulletID="0" camType="1" moveType="1" moveSpeed="60" actType="2" entryX="1280" entryY="600" angle="270" position="17000"/>
	<mission id="108" enemyId="9" bulletID="5" camType="3" moveType="1" moveSpeed="0" actType="4" entryX="450" entryY="450" angle="0" position="19000"/>
</Config>
