<?xml version="1.0" encoding="UTF-8" standalone="yes"?>
<item>
	<role enemyId="100001" monsterLife="150" moveSpeed="100" exp="5"/>
	<role enemyId="100002" monsterLife="300" moveSpeed="400" exp="5"/>
	<role enemyId="100003" monsterLife="1000" moveSpeed="200" exp="5"/>
	<role enemyId="100004" monsterLife="150" moveSpeed="32" exp="5"/>
	<role enemyId="200001" monsterLife="3000" moveSpeed="100" exp="10"/>
	<role enemyId="200002" monsterLife="5000" moveSpeed="200" exp="10"/>
	<role enemyId="300001" monsterLife="10000" moveSpeed="100" exp="100"/>
	<role enemyId="300002" monsterLife="12000" moveSpeed="150" exp="100"/>
	<role enemyId="300003" monsterLife="15000" moveSpeed="200" exp="100"/>
</item>