<?xml version="1.0" encoding="UTF-8"?>
<Config>
	<type_skill ID="500101" name="希望之光" icon="skillIcon1" heroType="1" intro="1" requirLv="1" level="1" maxLevel="10" lvUpGold="100" lvUpDiamond="0" CD="20" SP="20" effectID="4001" actionType="1" damType="1" dam="100" duration="5"/>
	<type_skill ID="500102" name="希望之光" icon="skillIcon1" heroType="1" intro="1" requirLv="5" level="2" maxLevel="10" lvUpGold="300" lvUpDiamond="0" CD="20" SP="20" effectID="4002" actionType="1" damType="1" dam="130" duration="5"/>
	<type_skill ID="500103" name="希望之光" icon="skillIcon1" heroType="1" intro="1" requirLv="9" level="3" maxLevel="10" lvUpGold="600" lvUpDiamond="0" CD="20" SP="20" effectID="4003" actionType="1" damType="1" dam="170" duration="5"/>
	<type_skill ID="500104" name="希望之光" icon="skillIcon1" heroType="1" intro="1" requirLv="13" level="4" maxLevel="10" lvUpGold="1000" lvUpDiamond="0" CD="20" SP="20" effectID="4004" actionType="1" damType="1" dam="220" duration="5"/>
	<type_skill ID="500105" name="希望之光" icon="skillIcon1" heroType="1" intro="1" requirLv="17" level="5" maxLevel="10" lvUpGold="1500" lvUpDiamond="0" CD="20" SP="20" effectID="4005" actionType="1" damType="1" dam="290" duration="5"/>
	<type_skill ID="500106" name="希望之光" icon="skillIcon1" heroType="1" intro="1" requirLv="21" level="6" maxLevel="10" lvUpGold="2100" lvUpDiamond="0" CD="20" SP="20" effectID="4006" actionType="1" damType="1" dam="390" duration="5"/>
	<type_skill ID="500107" name="希望之光" icon="skillIcon1" heroType="1" intro="1" requirLv="25" level="7" maxLevel="10" lvUpGold="3000" lvUpDiamond="0" CD="20" SP="20" effectID="4007" actionType="1" damType="1" dam="550" duration="5"/>
	<type_skill ID="500108" name="希望之光" icon="skillIcon1" heroType="1" intro="1" requirLv="29" level="8" maxLevel="10" lvUpGold="4500" lvUpDiamond="0" CD="20" SP="20" effectID="4008" actionType="1" damType="1" dam="750" duration="5"/>
	<type_skill ID="500109" name="希望之光" icon="skillIcon1" heroType="1" intro="1" requirLv="33" level="9" maxLevel="10" lvUpGold="8000" lvUpDiamond="0" CD="20" SP="20" effectID="4009" actionType="1" damType="1" dam="1000" duration="5"/>
	<type_skill ID="500110" name="希望之光" icon="skillIcon1" heroType="1" intro="1" requirLv="37" level="10" maxLevel="10" lvUpGold="0" lvUpDiamond="0" CD="20" SP="20" effectID="4010" actionType="1" damType="1" dam="1500" duration="5"/>
	<type_skill ID="500201" name="大火球" icon="skillIcon2" heroType="1" intro="1" requirLv="10" level="1" maxLevel="10" lvUpGold="100" lvUpDiamond="0" CD="20" SP="20" effectID="4101" actionType="2" damType="1" dam="100" duration="5"/>
	<type_skill ID="500202" name="大火球" icon="skillIcon2" heroType="1" intro="1" requirLv="15" level="2" maxLevel="10" lvUpGold="300" lvUpDiamond="0" CD="20" SP="20" effectID="4102" actionType="2" damType="1" dam="130" duration="5"/>
	<type_skill ID="500203" name="大火球" icon="skillIcon2" heroType="1" intro="1" requirLv="20" level="3" maxLevel="10" lvUpGold="600" lvUpDiamond="0" CD="20" SP="20" effectID="4103" actionType="2" damType="1" dam="170" duration="5"/>
	<type_skill ID="500204" name="大火球" icon="skillIcon2" heroType="1" intro="1" requirLv="25" level="4" maxLevel="10" lvUpGold="1000" lvUpDiamond="0" CD="20" SP="20" effectID="4104" actionType="2" damType="1" dam="220" duration="5"/>
	<type_skill ID="500205" name="大火球" icon="skillIcon2" heroType="1" intro="1" requirLv="30" level="5" maxLevel="10" lvUpGold="1500" lvUpDiamond="0" CD="20" SP="20" effectID="4105" actionType="2" damType="1" dam="290" duration="5"/>
	<type_skill ID="500206" name="大火球" icon="skillIcon2" heroType="1" intro="1" requirLv="35" level="6" maxLevel="10" lvUpGold="2100" lvUpDiamond="0" CD="20" SP="20" effectID="4106" actionType="2" damType="1" dam="390" duration="5"/>
	<type_skill ID="500207" name="大火球" icon="skillIcon2" heroType="1" intro="1" requirLv="40" level="7" maxLevel="10" lvUpGold="3000" lvUpDiamond="0" CD="20" SP="20" effectID="4107" actionType="2" damType="1" dam="550" duration="5"/>
	<type_skill ID="500208" name="大火球" icon="skillIcon2" heroType="1" intro="1" requirLv="45" level="8" maxLevel="10" lvUpGold="4500" lvUpDiamond="0" CD="20" SP="20" effectID="4108" actionType="2" damType="1" dam="750" duration="5"/>
	<type_skill ID="500209" name="大火球" icon="skillIcon2" heroType="1" intro="1" requirLv="50" level="9" maxLevel="10" lvUpGold="8000" lvUpDiamond="0" CD="20" SP="20" effectID="4109" actionType="2" damType="1" dam="1000" duration="5"/>
	<type_skill ID="500210" name="大火球" icon="skillIcon2" heroType="1" intro="1" requirLv="55" level="10" maxLevel="10" lvUpGold="0" lvUpDiamond="0" CD="20" SP="20" effectID="4110" actionType="2" damType="1" dam="1500" duration="5"/>
	<type_skill ID="500301" name="定位导弹" icon="skillIcon11" heroType="2" intro="1" requirLv="1" level="1" maxLevel="10" lvUpGold="100" lvUpDiamond="0" CD="20" SP="20" effectID="4201" actionType="1" damType="1" dam="100" duration="25"/>
	<type_skill ID="500302" name="定位导弹" icon="skillIcon11" heroType="2" intro="1" requirLv="5" level="2" maxLevel="10" lvUpGold="300" lvUpDiamond="0" CD="20" SP="20" effectID="4202" actionType="1" damType="1" dam="130" duration="5"/>
	<type_skill ID="500303" name="定位导弹" icon="skillIcon11" heroType="2" intro="1" requirLv="9" level="3" maxLevel="10" lvUpGold="600" lvUpDiamond="0" CD="20" SP="20" effectID="4203" actionType="1" damType="1" dam="170" duration="5"/>
	<type_skill ID="500304" name="定位导弹" icon="skillIcon11" heroType="2" intro="1" requirLv="13" level="4" maxLevel="10" lvUpGold="1000" lvUpDiamond="0" CD="20" SP="20" effectID="4204" actionType="1" damType="1" dam="220" duration="5"/>
	<type_skill ID="500305" name="定位导弹" icon="skillIcon11" heroType="2" intro="1" requirLv="17" level="5" maxLevel="10" lvUpGold="1500" lvUpDiamond="0" CD="20" SP="20" effectID="4205" actionType="1" damType="1" dam="290" duration="5"/>
	<type_skill ID="500306" name="定位导弹" icon="skillIcon11" heroType="2" intro="1" requirLv="21" level="6" maxLevel="10" lvUpGold="2100" lvUpDiamond="0" CD="20" SP="20" effectID="4206" actionType="1" damType="1" dam="390" duration="5"/>
	<type_skill ID="500307" name="定位导弹" icon="skillIcon11" heroType="2" intro="1" requirLv="25" level="7" maxLevel="10" lvUpGold="3000" lvUpDiamond="0" CD="20" SP="20" effectID="4207" actionType="1" damType="1" dam="550" duration="5"/>
	<type_skill ID="500308" name="定位导弹" icon="skillIcon11" heroType="2" intro="1" requirLv="29" level="8" maxLevel="10" lvUpGold="4500" lvUpDiamond="0" CD="20" SP="20" effectID="4208" actionType="1" damType="1" dam="750" duration="5"/>
	<type_skill ID="500309" name="定位导弹" icon="skillIcon11" heroType="2" intro="1" requirLv="33" level="9" maxLevel="10" lvUpGold="8000" lvUpDiamond="0" CD="20" SP="20" effectID="4209" actionType="1" damType="1" dam="1000" duration="5"/>
	<type_skill ID="500310" name="定位导弹" icon="skillIcon11" heroType="2" intro="1" requirLv="37" level="10" maxLevel="10" lvUpGold="0" lvUpDiamond="0" CD="20" SP="20" effectID="4210" actionType="1" damType="1" dam="1500" duration="5"/>
	<type_skill ID="500401" name="大打击" icon="skillIcon12" heroType="2" intro="1" requirLv="10" level="1" maxLevel="10" lvUpGold="100" lvUpDiamond="0" CD="20" SP="20" effectID="4301" actionType="2" damType="1" dam="100" duration="5"/>
	<type_skill ID="500402" name="大打击" icon="skillIcon12" heroType="2" intro="1" requirLv="15" level="2" maxLevel="10" lvUpGold="300" lvUpDiamond="0" CD="20" SP="20" effectID="4302" actionType="2" damType="1" dam="130" duration="5"/>
	<type_skill ID="500403" name="大打击" icon="skillIcon12" heroType="2" intro="1" requirLv="20" level="3" maxLevel="10" lvUpGold="600" lvUpDiamond="0" CD="20" SP="20" effectID="4303" actionType="2" damType="1" dam="170" duration="5"/>
	<type_skill ID="500404" name="大打击" icon="skillIcon12" heroType="2" intro="1" requirLv="25" level="4" maxLevel="10" lvUpGold="1000" lvUpDiamond="0" CD="20" SP="20" effectID="4304" actionType="2" damType="1" dam="220" duration="5"/>
	<type_skill ID="500405" name="大打击" icon="skillIcon12" heroType="2" intro="1" requirLv="30" level="5" maxLevel="10" lvUpGold="1500" lvUpDiamond="0" CD="20" SP="20" effectID="4305" actionType="2" damType="1" dam="290" duration="5"/>
	<type_skill ID="500406" name="大打击" icon="skillIcon12" heroType="2" intro="1" requirLv="35" level="6" maxLevel="10" lvUpGold="2100" lvUpDiamond="0" CD="20" SP="20" effectID="4306" actionType="2" damType="1" dam="390" duration="5"/>
	<type_skill ID="500407" name="大打击" icon="skillIcon12" heroType="2" intro="1" requirLv="40" level="7" maxLevel="10" lvUpGold="3000" lvUpDiamond="0" CD="20" SP="20" effectID="4307" actionType="2" damType="1" dam="550" duration="5"/>
	<type_skill ID="500408" name="大打击" icon="skillIcon12" heroType="2" intro="1" requirLv="45" level="8" maxLevel="10" lvUpGold="4500" lvUpDiamond="0" CD="20" SP="20" effectID="4308" actionType="2" damType="1" dam="750" duration="5"/>
	<type_skill ID="500409" name="大打击" icon="skillIcon12" heroType="2" intro="1" requirLv="50" level="9" maxLevel="10" lvUpGold="8000" lvUpDiamond="0" CD="20" SP="20" effectID="4309" actionType="2" damType="1" dam="1000" duration="5"/>
	<type_skill ID="500410" name="大打击" icon="skillIcon12" heroType="2" intro="1" requirLv="55" level="10" maxLevel="10" lvUpGold="0" lvUpDiamond="0" CD="20" SP="20" effectID="4310" actionType="2" damType="1" dam="1500" duration="5"/>
</Config>
