<?xml version="1.0" encoding="UTF-8"?>
<!--type 1:HP恢复类  2：SP恢复类 3：伤害类
priceGold 购买价格，游戏币
recovoery_price 出售 回收价格
maxRepeat  最大携带数量
effect 道具使用特效效果
effectValue  道具使用系数值。-->
<Config>
	<type_item id="1" typeID="101101" name="小血瓶" icon="equ_icon_8.png" intro="小血瓶" quality="1" type="1" useLv="1" priceGold="100" priceDiamond="0" recovery_price="80" maxRepeat="99" effect="0" effectValue="0.4"/>
	<type_item id="2" typeID="101102" name="中血瓶" icon="equ_icon_18.png" intro="中血瓶" quality="1" type="2" useLv="10" priceGold="500" priceDiamond="0" recovery_price="400" maxRepeat="99" effect="0" effectValue="0.6"/>
	<type_item id="3" typeID="101103" name="大血瓶" icon="equ_icon_28.png" intro="大血瓶" quality="1" type="3" useLv="30" priceGold="1500" priceDiamond="10" recovery_price="1200" maxRepeat="99" effect="0" effectValue="0.9"/>
	<type_item id="4" typeID="101301" name="小魔瓶" icon="equ_icon_34.png" intro="小魔瓶" quality="2" type="1" useLv="1" priceGold="80" priceDiamond="0" recovery_price="64" maxRepeat="99" effect="0" effectValue="40"/>
	<type_item id="5" typeID="101302" name="中魔瓶" icon="equ_icon_40.png" intro="中魔瓶" quality="2" type="2" useLv="10" priceGold="400" priceDiamond="0" recovery_price="320" maxRepeat="99" effect="0" effectValue="70"/>
	<type_item id="6" typeID="101303" name="大魔瓶" icon="equ_icon_50.png" intro="大魔瓶" quality="2" type="3" useLv="30" priceGold="1200" priceDiamond="8" recovery_price="960" maxRepeat="99" effect="0" effectValue="100"/>
	<type_item id="7" typeID="101501" name="小炸弹" icon="equ_icon_1046.png" intro="小炸弹" quality="3" type="1" useLv="1" priceGold="100" priceDiamond="0" recovery_price="80" maxRepeat="99" effect="1" effectValue="1.2"/>
	<type_item id="8" typeID="101502" name="中炸弹" icon="equ_icon_1081.png" intro="中炸弹" quality="3" type="2" useLv="10" priceGold="500" priceDiamond="0" recovery_price="400" maxRepeat="99" effect="2" effectValue="1.5"/>
	<type_item id="9" typeID="101503" name="大炸弹" icon="equ_icon_1086.png" intro="大炸弹" quality="3" type="3" useLv="30" priceGold="1500" priceDiamond="10" recovery_price="1200" maxRepeat="99" effect="3" effectValue="2"/>
</Config>
