<?xml version="1.0" encoding="UTF-8"?>
<!-- 被2011 rel. 2 sp1 (seven) 使用XMLSpy vIBM编辑的 (http://www.altova.com) by -->
<!--
priceGold 购买价格，游戏币
recovoeryMoney 出售 回收价格
-->
<Config>
	<type_equipment id="1" typeID="300101" name="小魔法杖" icon="equ_icon_2071.png" place="0" quality="1" heroType="1" intro="小魔法杖" useLv="1" level="0" maxLevel="15" lvUpMoney="150" lvUpPre="1" lvDownPre="0" priceGold="150" priceDiamond="0" recoveryMoney="105" maxRepair="120" repairMoney="20" atk="87" def="0" hp="0" cri="0" eva="0"/>
	<type_equipment id="2" typeID="300102" name="小魔法杖" icon="equ_icon_2071.png" place="0" quality="1" heroType="1" intro="小魔法杖" useLv="1" level="2" maxLevel="15" lvUpMoney="400" lvUpPre="1" lvDownPre="0" priceGold="0" priceDiamond="0" recoveryMoney="210" maxRepair="120" repairMoney="20" atk="91" def="0" hp="0" cri="0" eva="0"/>
	<type_equipment id="3" typeID="300103" name="小魔法杖" icon="equ_icon_2071.png" place="0" quality="1" heroType="1" intro="小魔法杖" useLv="1" level="3" maxLevel="15" lvUpMoney="900" lvUpPre="1" lvDownPre="0" priceGold="0" priceDiamond="0" recoveryMoney="385" maxRepair="120" repairMoney="20" atk="97" def="0" hp="0" cri="0" eva="0"/>
	<type_equipment id="4" typeID="300104" name="小魔法杖" icon="equ_icon_2071.png" place="0" quality="1" heroType="1" intro="小魔法杖" useLv="1" level="4" maxLevel="15" lvUpMoney="1900" lvUpPre="1" lvDownPre="0" priceGold="0" priceDiamond="0" recoveryMoney="735" maxRepair="120" repairMoney="20" atk="108" def="0" hp="0" cri="0" eva="0"/>
	<type_equipment id="5" typeID="300105" name="小魔法杖" icon="equ_icon_2071.png" place="0" quality="1" heroType="1" intro="小魔法杖" useLv="1" level="5" maxLevel="15" lvUpMoney="3900" lvUpPre="1" lvDownPre="0" priceGold="0" priceDiamond="0" recoveryMoney="1435" maxRepair="120" repairMoney="20" atk="125" def="0" hp="0" cri="0" eva="0"/>
	<type_equipment id="6" typeID="300106" name="小魔法杖" icon="equ_icon_2071.png" place="0" quality="1" heroType="1" intro="小魔法杖" useLv="1" level="6" maxLevel="15" lvUpMoney="7900" lvUpPre="1" lvDownPre="0" priceGold="0" priceDiamond="0" recoveryMoney="2835" maxRepair="120" repairMoney="20" atk="153" def="0" hp="0" cri="0" eva="0"/>
	<type_equipment id="7" typeID="300107" name="小魔法杖" icon="equ_icon_2071.png" place="0" quality="1" heroType="1" intro="小魔法杖" useLv="1" level="7" maxLevel="15" lvUpMoney="15900" lvUpPre="0.95" lvDownPre="0" priceGold="0" priceDiamond="0" recoveryMoney="5635" maxRepair="120" repairMoney="20" atk="197" def="0" hp="0" cri="0" eva="0"/>
	<type_equipment id="8" typeID="300108" name="小魔法杖" icon="equ_icon_2071.png" place="0" quality="1" heroType="1" intro="小魔法杖" useLv="1" level="8" maxLevel="15" lvUpMoney="31900" lvUpPre="0.9" lvDownPre="0" priceGold="0" priceDiamond="0" recoveryMoney="11235" maxRepair="120" repairMoney="20" atk="267" def="0" hp="0" cri="0" eva="0"/>
	<type_equipment id="9" typeID="300109" name="小魔法杖" icon="equ_icon_2071.png" place="0" quality="1" heroType="1" intro="小魔法杖" useLv="1" level="9" maxLevel="15" lvUpMoney="63900" lvUpPre="0.85" lvDownPre="0" priceGold="0" priceDiamond="0" recoveryMoney="22435" maxRepair="120" repairMoney="20" atk="380" def="0" hp="0" cri="0" eva="0"/>
	<type_equipment id="10" typeID="300110" name="小魔法杖" icon="equ_icon_2071.png" place="0" quality="1" heroType="1" intro="小魔法杖" useLv="1" level="10" maxLevel="15" lvUpMoney="127900" lvUpPre="0.8" lvDownPre="0.1" priceGold="0" priceDiamond="0" recoveryMoney="44835" maxRepair="120" repairMoney="20" atk="561" def="0" hp="0" cri="0" eva="0"/>
	<type_equipment id="11" typeID="300111" name="小魔法杖" icon="equ_icon_2071.png" place="0" quality="1" heroType="1" intro="小魔法杖" useLv="1" level="11" maxLevel="15" lvUpMoney="255900" lvUpPre="0.75" lvDownPre="0.1" priceGold="0" priceDiamond="0" recoveryMoney="89635" maxRepair="120" repairMoney="20" atk="849" def="0" hp="0" cri="0" eva="0"/>
	<type_equipment id="12" typeID="300112" name="小魔法杖" icon="equ_icon_2071.png" place="0" quality="1" heroType="1" intro="小魔法杖" useLv="1" level="12" maxLevel="15" lvUpMoney="511900" lvUpPre="0.7" lvDownPre="0.15" priceGold="0" priceDiamond="0" recoveryMoney="179235" maxRepair="120" repairMoney="20" atk="1311" def="0" hp="0" cri="0" eva="0"/>
	<type_equipment id="13" typeID="300113" name="小魔法杖" icon="equ_icon_2071.png" place="0" quality="1" heroType="1" intro="小魔法杖" useLv="1" level="13" maxLevel="15" lvUpMoney="1023900" lvUpPre="0.6" lvDownPre="0.15" priceGold="0" priceDiamond="0" recoveryMoney="358435" maxRepair="120" repairMoney="20" atk="2050" def="0" hp="0" cri="0" eva="0"/>
	<type_equipment id="14" typeID="300114" name="小魔法杖" icon="equ_icon_2071.png" place="0" quality="1" heroType="1" intro="小魔法杖" useLv="1" level="14" maxLevel="15" lvUpMoney="2047900" lvUpPre="0.5" lvDownPre="0.2" priceGold="0" priceDiamond="0" recoveryMoney="716835" maxRepair="120" repairMoney="20" atk="3232" def="0" hp="0" cri="0" eva="0"/>
	<type_equipment id="15" typeID="300115" name="小魔法杖" icon="equ_icon_2071.png" place="0" quality="1" heroType="1" intro="小魔法杖" useLv="1" level="15" maxLevel="15" lvUpMoney="4095900" lvUpPre="0.4" lvDownPre="0.3" priceGold="0" priceDiamond="0" recoveryMoney="1433635" maxRepair="120" repairMoney="20" atk="5124" def="0" hp="0" cri="0" eva="0"/>
	<type_equipment id="16" typeID="300116" name="小魔法杖" icon="equ_icon_2071.png" place="0" quality="1" heroType="1" intro="小魔法杖" useLv="1" level="15" maxLevel="15" lvUpMoney="0" lvUpPre="0" lvDownPre="0" priceGold="0" priceDiamond="0" recoveryMoney="2867235" maxRepair="120" repairMoney="20" atk="8150" def="0" hp="0" cri="0" eva="0"/>
	<type_equipment id="17" typeID="300201" name="护卫队之剑" icon="equ_icon_4086.png" place="0" quality="1" heroType="2" intro="护卫队之剑" useLv="10" level="0" maxLevel="15" lvUpMoney="150" lvUpPre="1" lvDownPre="0" priceGold="350" priceDiamond="0" recoveryMoney="245" maxRepair="120" repairMoney="20" atk="185 " def="0" hp="0" cri="0" eva="0"/>
	<type_equipment id="18" typeID="300202" name="护卫队之剑" icon="equ_icon_4086.png" place="0" quality="1" heroType="2" intro="护卫队之剑" useLv="10" level="2" maxLevel="15" lvUpMoney="400" lvUpPre="1" lvDownPre="0" priceGold="0" priceDiamond="0" recoveryMoney="350" maxRepair="120" repairMoney="20" atk="189 " def="0" hp="0" cri="0" eva="0"/>
	<type_equipment id="19" typeID="300203" name="护卫队之剑" icon="equ_icon_4086.png" place="0" quality="1" heroType="2" intro="护卫队之剑" useLv="10" level="3" maxLevel="15" lvUpMoney="900" lvUpPre="1" lvDownPre="0" priceGold="0" priceDiamond="0" recoveryMoney="385" maxRepair="120" repairMoney="20" atk="195 " def="0" hp="0" cri="0" eva="0"/>
	<type_equipment id="20" typeID="300204" name="护卫队之剑" icon="equ_icon_4086.png" place="0" quality="1" heroType="2" intro="护卫队之剑" useLv="10" level="4" maxLevel="15" lvUpMoney="1900" lvUpPre="1" lvDownPre="0" priceGold="0" priceDiamond="0" recoveryMoney="735" maxRepair="120" repairMoney="20" atk="206 " def="0" hp="0" cri="0" eva="0"/>
	<type_equipment id="21" typeID="300205" name="护卫队之剑" icon="equ_icon_4086.png" place="0" quality="1" heroType="2" intro="护卫队之剑" useLv="10" level="5" maxLevel="15" lvUpMoney="3900" lvUpPre="1" lvDownPre="0" priceGold="0" priceDiamond="0" recoveryMoney="1435" maxRepair="120" repairMoney="20" atk="223 " def="0" hp="0" cri="0" eva="0"/>
	<type_equipment id="22" typeID="300206" name="护卫队之剑" icon="equ_icon_4086.png" place="0" quality="1" heroType="2" intro="护卫队之剑" useLv="10" level="6" maxLevel="15" lvUpMoney="7900" lvUpPre="1" lvDownPre="0" priceGold="0" priceDiamond="0" recoveryMoney="2835" maxRepair="120" repairMoney="20" atk="251 " def="0" hp="0" cri="0" eva="0"/>
	<type_equipment id="23" typeID="300207" name="护卫队之剑" icon="equ_icon_4086.png" place="0" quality="1" heroType="2" intro="护卫队之剑" useLv="10" level="7" maxLevel="15" lvUpMoney="15900" lvUpPre="0.95" lvDownPre="0" priceGold="0" priceDiamond="0" recoveryMoney="5635" maxRepair="120" repairMoney="20" atk="295 " def="0" hp="0" cri="0" eva="0"/>
	<type_equipment id="24" typeID="300208" name="护卫队之剑" icon="equ_icon_4086.png" place="0" quality="1" heroType="2" intro="护卫队之剑" useLv="10" level="8" maxLevel="15" lvUpMoney="31900" lvUpPre="0.9" lvDownPre="0" priceGold="0" priceDiamond="0" recoveryMoney="11235" maxRepair="120" repairMoney="20" atk="365 " def="0" hp="0" cri="0" eva="0"/>
	<type_equipment id="25" typeID="300209" name="护卫队之剑" icon="equ_icon_4086.png" place="0" quality="1" heroType="2" intro="护卫队之剑" useLv="10" level="9" maxLevel="15" lvUpMoney="63900" lvUpPre="0.85" lvDownPre="0" priceGold="0" priceDiamond="0" recoveryMoney="22435" maxRepair="120" repairMoney="20" atk="478 " def="0" hp="0" cri="0" eva="0"/>
	<type_equipment id="26" typeID="300210" name="护卫队之剑" icon="equ_icon_4086.png" place="0" quality="1" heroType="2" intro="护卫队之剑" useLv="10" level="10" maxLevel="15" lvUpMoney="127900" lvUpPre="0.8" lvDownPre="0.1" priceGold="0" priceDiamond="0" recoveryMoney="44835" maxRepair="120" repairMoney="20" atk="659 " def="0" hp="0" cri="0" eva="0"/>
	<type_equipment id="27" typeID="300211" name="护卫队之剑" icon="equ_icon_4086.png" place="0" quality="1" heroType="2" intro="护卫队之剑" useLv="10" level="11" maxLevel="15" lvUpMoney="255900" lvUpPre="0.75" lvDownPre="0.1" priceGold="0" priceDiamond="0" recoveryMoney="89635" maxRepair="120" repairMoney="20" atk="947 " def="0" hp="0" cri="0" eva="0"/>
	<type_equipment id="28" typeID="300212" name="护卫队之剑" icon="equ_icon_4086.png" place="0" quality="1" heroType="2" intro="护卫队之剑" useLv="10" level="12" maxLevel="15" lvUpMoney="511900" lvUpPre="0.7" lvDownPre="0.15" priceGold="0" priceDiamond="0" recoveryMoney="179235" maxRepair="120" repairMoney="20" atk="1409 " def="0" hp="0" cri="0" eva="0"/>
	<type_equipment id="29" typeID="300213" name="护卫队之剑" icon="equ_icon_4086.png" place="0" quality="1" heroType="2" intro="护卫队之剑" useLv="10" level="13" maxLevel="15" lvUpMoney="1023900" lvUpPre="0.6" lvDownPre="0.15" priceGold="0" priceDiamond="0" recoveryMoney="358435" maxRepair="120" repairMoney="20" atk="2148 " def="0" hp="0" cri="0" eva="0"/>
	<type_equipment id="30" typeID="300214" name="护卫队之剑" icon="equ_icon_4086.png" place="0" quality="1" heroType="2" intro="护卫队之剑" useLv="10" level="14" maxLevel="15" lvUpMoney="2047900" lvUpPre="0.5" lvDownPre="0.2" priceGold="0" priceDiamond="0" recoveryMoney="716835" maxRepair="120" repairMoney="20" atk="3330 " def="0" hp="0" cri="0" eva="0"/>
	<type_equipment id="31" typeID="300215" name="护卫队之剑" icon="equ_icon_4086.png" place="0" quality="1" heroType="2" intro="护卫队之剑" useLv="10" level="15" maxLevel="15" lvUpMoney="4095900" lvUpPre="0.4" lvDownPre="0.3" priceGold="0" priceDiamond="0" recoveryMoney="1433635" maxRepair="120" repairMoney="20" atk="5222 " def="0" hp="0" cri="0" eva="0"/>
	<type_equipment id="32" typeID="300216" name="护卫队之剑" icon="equ_icon_4086.png" place="0" quality="1" heroType="2" intro="护卫队之剑" useLv="10" level="15" maxLevel="15" lvUpMoney="0" lvUpPre="0" lvDownPre="0" priceGold="0" priceDiamond="0" recoveryMoney="2867235" maxRepair="120" repairMoney="20" atk="8248 " def="0" hp="0" cri="0" eva="0"/>
	<type_equipment id="33" typeID="300301" name="魔力布甲" icon="equ_icon_62.png" place="1" quality="1" heroType="1" intro="魔力布甲" useLv="1" level="0" maxLevel="15" lvUpMoney="180" lvUpPre="1" lvDownPre="0" priceGold="250" priceDiamond="0" recoveryMoney="175" maxRepair="136" repairMoney="22" atk="0" def="54" hp="805" cri="0" eva="0"/>
	<type_equipment id="34" typeID="300302" name="魔力布甲" icon="equ_icon_62.png" place="1" quality="1" heroType="1" intro="魔力布甲" useLv="1" level="1" maxLevel="15" lvUpMoney="480" lvUpPre="1" lvDownPre="0" priceGold="0" priceDiamond="0" recoveryMoney="301" maxRepair="136" repairMoney="22" atk="0" def="56" hp="868" cri="0" eva="0"/>
	<type_equipment id="35" typeID="300303" name="魔力布甲" icon="equ_icon_62.png" place="1" quality="1" heroType="1" intro="魔力布甲" useLv="1" level="2" maxLevel="15" lvUpMoney="1080" lvUpPre="1" lvDownPre="0" priceGold="0" priceDiamond="0" recoveryMoney="441" maxRepair="136" repairMoney="22" atk="0" def="60" hp="968" cri="0" eva="0"/>
	<type_equipment id="36" typeID="300304" name="魔力布甲" icon="equ_icon_62.png" place="1" quality="1" heroType="1" intro="魔力布甲" useLv="1" level="3" maxLevel="15" lvUpMoney="2280" lvUpPre="1" lvDownPre="0" priceGold="0" priceDiamond="0" recoveryMoney="861" maxRepair="136" repairMoney="22" atk="0" def="67" hp="1130" cri="0" eva="0"/>
	<type_equipment id="37" typeID="300305" name="魔力布甲" icon="equ_icon_62.png" place="1" quality="1" heroType="1" intro="魔力布甲" useLv="1" level="4" maxLevel="15" lvUpMoney="4680" lvUpPre="1" lvDownPre="0" priceGold="0" priceDiamond="0" recoveryMoney="1701" maxRepair="136" repairMoney="22" atk="0" def="77" hp="1388" cri="0" eva="0"/>
	<type_equipment id="38" typeID="300306" name="魔力布甲" icon="equ_icon_62.png" place="1" quality="1" heroType="1" intro="魔力布甲" useLv="1" level="5" maxLevel="15" lvUpMoney="9480" lvUpPre="1" lvDownPre="0" priceGold="0" priceDiamond="0" recoveryMoney="3381" maxRepair="136" repairMoney="22" atk="0" def="94" hp="1801" cri="0" eva="0"/>
	<type_equipment id="39" typeID="300307" name="魔力布甲" icon="equ_icon_62.png" place="1" quality="1" heroType="1" intro="魔力布甲" useLv="1" level="6" maxLevel="15" lvUpMoney="19080" lvUpPre="0.95" lvDownPre="0" priceGold="0" priceDiamond="0" recoveryMoney="6741" maxRepair="136" repairMoney="22" atk="0" def="120" hp="2461" cri="0" eva="0"/>
	<type_equipment id="40" typeID="300308" name="魔力布甲" icon="equ_icon_62.png" place="1" quality="1" heroType="1" intro="魔力布甲" useLv="1" level="7" maxLevel="15" lvUpMoney="38280" lvUpPre="0.9" lvDownPre="0" priceGold="0" priceDiamond="0" recoveryMoney="13461" maxRepair="136" repairMoney="22" atk="0" def="162" hp="3518" cri="0" eva="0"/>
	<type_equipment id="41" typeID="300309" name="魔力布甲" icon="equ_icon_62.png" place="1" quality="1" heroType="1" intro="魔力布甲" useLv="1" level="8" maxLevel="15" lvUpMoney="76680" lvUpPre="0.85" lvDownPre="0" priceGold="0" priceDiamond="0" recoveryMoney="26901" maxRepair="136" repairMoney="22" atk="0" def="230" hp="5209" cri="0" eva="0"/>
	<type_equipment id="42" typeID="300310" name="魔力布甲" icon="equ_icon_62.png" place="1" quality="1" heroType="1" intro="魔力布甲" useLv="1" level="9" maxLevel="15" lvUpMoney="153480" lvUpPre="0.8" lvDownPre="0.1" priceGold="0" priceDiamond="0" recoveryMoney="53781" maxRepair="136" repairMoney="22" atk="0" def="338" hp="7915" cri="0" eva="0"/>
	<type_equipment id="43" typeID="300311" name="魔力布甲" icon="equ_icon_62.png" place="1" quality="1" heroType="1" intro="魔力布甲" useLv="1" level="10" maxLevel="15" lvUpMoney="307080" lvUpPre="0.75" lvDownPre="0.1" priceGold="0" priceDiamond="0" recoveryMoney="107541" maxRepair="136" repairMoney="22" atk="0" def="511" hp="12244" cri="0" eva="0"/>
	<type_equipment id="44" typeID="300312" name="魔力布甲" icon="equ_icon_62.png" place="1" quality="1" heroType="1" intro="魔力布甲" useLv="1" level="11" maxLevel="15" lvUpMoney="614280" lvUpPre="0.7" lvDownPre="0.15" priceGold="0" priceDiamond="0" recoveryMoney="215061" maxRepair="136" repairMoney="22" atk="0" def="788" hp="19171" cri="0" eva="0"/>
	<type_equipment id="45" typeID="300313" name="魔力布甲" icon="equ_icon_62.png" place="1" quality="1" heroType="1" intro="魔力布甲" useLv="1" level="12" maxLevel="15" lvUpMoney="1228680" lvUpPre="0.6" lvDownPre="0.15" priceGold="0" priceDiamond="0" recoveryMoney="430101" maxRepair="136" repairMoney="22" atk="0" def="1232" hp="30254" cri="0" eva="0"/>
	<type_equipment id="46" typeID="300314" name="魔力布甲" icon="equ_icon_62.png" place="1" quality="1" heroType="1" intro="魔力布甲" useLv="1" level="13" maxLevel="15" lvUpMoney="2457480" lvUpPre="0.5" lvDownPre="0.2" priceGold="0" priceDiamond="0" recoveryMoney="860181" maxRepair="136" repairMoney="22" atk="0" def="1941" hp="47987" cri="0" eva="0"/>
	<type_equipment id="47" typeID="300315" name="魔力布甲" icon="equ_icon_62.png" place="1" quality="1" heroType="1" intro="魔力布甲" useLv="1" level="14" maxLevel="15" lvUpMoney="4915080" lvUpPre="0.4" lvDownPre="0.3" priceGold="0" priceDiamond="0" recoveryMoney="1720341" maxRepair="136" repairMoney="22" atk="0" def="3076" hp="76360" cri="0" eva="0"/>
	<type_equipment id="48" typeID="300316" name="魔力布甲" icon="equ_icon_62.png" place="1" quality="1" heroType="1" intro="魔力布甲" useLv="1" level="15" maxLevel="15" lvUpMoney="0" lvUpPre="0" lvDownPre="0" priceGold="0" priceDiamond="0" recoveryMoney="3440661" maxRepair="136" repairMoney="22" atk="0" def="4892" hp="121756" cri="0" eva="0"/>
	<type_equipment id="49" typeID="300401" name="护卫队之袍" icon="equ_icon_77.png" place="1" quality="1" heroType="2" intro="护卫队之袍" useLv="10" level="0" maxLevel="15" lvUpMoney="216" lvUpPre="1" lvDownPre="0" priceGold="650" priceDiamond="0" recoveryMoney="455" maxRepair="136" repairMoney="22" atk="0" def="114" hp="1665" cri="0" eva="0"/>
	<type_equipment id="50" typeID="300402" name="护卫队之袍" icon="equ_icon_77.png" place="1" quality="1" heroType="2" intro="护卫队之袍" useLv="10" level="1" maxLevel="15" lvUpMoney="576" lvUpPre="1" lvDownPre="0" priceGold="0" priceDiamond="0" recoveryMoney="606.2" maxRepair="136" repairMoney="22" atk="0" def="116" hp="1728" cri="0" eva="0"/>
	<type_equipment id="51" typeID="300403" name="护卫队之袍" icon="equ_icon_77.png" place="1" quality="1" heroType="2" intro="护卫队之袍" useLv="10" level="2" maxLevel="15" lvUpMoney="1296" lvUpPre="1" lvDownPre="0" priceGold="0" priceDiamond="0" recoveryMoney="508.2" maxRepair="136" repairMoney="22" atk="0" def="120" hp="1828" cri="0" eva="0"/>
	<type_equipment id="52" typeID="300404" name="护卫队之袍" icon="equ_icon_77.png" place="1" quality="1" heroType="2" intro="护卫队之袍" useLv="10" level="3" maxLevel="15" lvUpMoney="2736" lvUpPre="1" lvDownPre="0" priceGold="0" priceDiamond="0" recoveryMoney="1012.2" maxRepair="136" repairMoney="22" atk="0" def="127" hp="1990" cri="0" eva="0"/>
	<type_equipment id="53" typeID="300405" name="护卫队之袍" icon="equ_icon_77.png" place="1" quality="1" heroType="2" intro="护卫队之袍" useLv="10" level="4" maxLevel="15" lvUpMoney="5616" lvUpPre="1" lvDownPre="0" priceGold="0" priceDiamond="0" recoveryMoney="2020.2" maxRepair="136" repairMoney="22" atk="0" def="137" hp="2248" cri="0" eva="0"/>
	<type_equipment id="54" typeID="300406" name="护卫队之袍" icon="equ_icon_77.png" place="1" quality="1" heroType="2" intro="护卫队之袍" useLv="10" level="5" maxLevel="15" lvUpMoney="11376" lvUpPre="1" lvDownPre="0" priceGold="0" priceDiamond="0" recoveryMoney="4036.2" maxRepair="136" repairMoney="22" atk="0" def="154" hp="2661" cri="0" eva="0"/>
	<type_equipment id="55" typeID="300407" name="护卫队之袍" icon="equ_icon_77.png" place="1" quality="1" heroType="2" intro="护卫队之袍" useLv="10" level="6" maxLevel="15" lvUpMoney="22896" lvUpPre="0.95" lvDownPre="0" priceGold="0" priceDiamond="0" recoveryMoney="8068.2" maxRepair="136" repairMoney="22" atk="0" def="180" hp="3321" cri="0" eva="0"/>
	<type_equipment id="56" typeID="300408" name="护卫队之袍" icon="equ_icon_77.png" place="1" quality="1" heroType="2" intro="护卫队之袍" useLv="10" level="7" maxLevel="15" lvUpMoney="45936" lvUpPre="0.9" lvDownPre="0" priceGold="0" priceDiamond="0" recoveryMoney="16132.2" maxRepair="136" repairMoney="22" atk="0" def="222" hp="4378" cri="0" eva="0"/>
	<type_equipment id="57" typeID="300409" name="护卫队之袍" icon="equ_icon_77.png" place="1" quality="1" heroType="2" intro="护卫队之袍" useLv="10" level="8" maxLevel="15" lvUpMoney="92016" lvUpPre="0.85" lvDownPre="0" priceGold="0" priceDiamond="0" recoveryMoney="32260.2" maxRepair="136" repairMoney="22" atk="0" def="290" hp="6069" cri="0" eva="0"/>
	<type_equipment id="58" typeID="300410" name="护卫队之袍" icon="equ_icon_77.png" place="1" quality="1" heroType="2" intro="护卫队之袍" useLv="10" level="9" maxLevel="15" lvUpMoney="184176" lvUpPre="0.8" lvDownPre="0.1" priceGold="0" priceDiamond="0" recoveryMoney="64516.2" maxRepair="136" repairMoney="22" atk="0" def="398" hp="8775" cri="0" eva="0"/>
	<type_equipment id="59" typeID="300411" name="护卫队之袍" icon="equ_icon_77.png" place="1" quality="1" heroType="2" intro="护卫队之袍" useLv="10" level="10" maxLevel="15" lvUpMoney="368496" lvUpPre="0.75" lvDownPre="0.1" priceGold="0" priceDiamond="0" recoveryMoney="129028.2" maxRepair="136" repairMoney="22" atk="0" def="571" hp="13104" cri="0" eva="0"/>
	<type_equipment id="60" typeID="300412" name="护卫队之袍" icon="equ_icon_77.png" place="1" quality="1" heroType="2" intro="护卫队之袍" useLv="10" level="11" maxLevel="15" lvUpMoney="737136" lvUpPre="0.7" lvDownPre="0.15" priceGold="0" priceDiamond="0" recoveryMoney="258052.2" maxRepair="136" repairMoney="22" atk="0" def="848" hp="20031" cri="0" eva="0"/>
	<type_equipment id="61" typeID="300413" name="护卫队之袍" icon="equ_icon_77.png" place="1" quality="1" heroType="2" intro="护卫队之袍" useLv="10" level="12" maxLevel="15" lvUpMoney="1474416" lvUpPre="0.6" lvDownPre="0.15" priceGold="0" priceDiamond="0" recoveryMoney="516100.2" maxRepair="136" repairMoney="22" atk="0" def="1292" hp="31114" cri="0" eva="0"/>
	<type_equipment id="62" typeID="300414" name="护卫队之袍" icon="equ_icon_77.png" place="1" quality="1" heroType="2" intro="护卫队之袍" useLv="10" level="13" maxLevel="15" lvUpMoney="2948976" lvUpPre="0.5" lvDownPre="0.2" priceGold="0" priceDiamond="0" recoveryMoney="1032196.2" maxRepair="136" repairMoney="22" atk="0" def="2001" hp="48847" cri="0" eva="0"/>
	<type_equipment id="63" typeID="300415" name="护卫队之袍" icon="equ_icon_77.png" place="1" quality="1" heroType="2" intro="护卫队之袍" useLv="10" level="14" maxLevel="15" lvUpMoney="5898096" lvUpPre="0.4" lvDownPre="0.3" priceGold="0" priceDiamond="0" recoveryMoney="2064388.2" maxRepair="136" repairMoney="22" atk="0" def="3136" hp="77220" cri="0" eva="0"/>
	<type_equipment id="64" typeID="300416" name="护卫队之袍" icon="equ_icon_77.png" place="1" quality="1" heroType="2" intro="护卫队之袍" useLv="10" level="15" maxLevel="15" lvUpMoney="0" lvUpPre="0" lvDownPre="0" priceGold="0" priceDiamond="0" recoveryMoney="4128772.2" maxRepair="136" repairMoney="22" atk="0" def="4952" hp="122616" cri="0" eva="0"/>
</Config>
